,Date,Open,High,Low,Close,Predicted_results,action,Sell_Signal_Profit,Sell_Signal_Return,Cumulative_Profit,Unrealized_profit,Unrealized_profit_plus_Cumulative_Profit,Holding_Period,Cumulative_Return,Unrealized_Return,Unrealized_profit_plus_Cumulative_Profit_Return,Cum_portfolio,Unreal_Cum_portfolio
0,2020-01-02,3244.669922,3258.139893,3235.530029,3257.850098,1,Buy,0.0,0.0,0.0,0.0,0.0,0,0.0,0.0,0.0,3257.850098,3257.850098
1,2020-01-03,3226.360107,3246.149902,3222.340088,3234.850098,1,Holding,0.0,0.0,0.0,-23.0,-23.0,1,0.0,-0.7059870561300454,-0.7059870561300454,3257.850098,3234.850098
2,2020-01-06,3217.550049,3246.840088,3214.639893,3246.280029,1,Holding,0.0,0.0,0.0,-11.570068999999876,-11.570068999999876,2,0.0,-0.3551443022839744,-0.3551443022839744,3257.850098,3246.280029
3,2020-01-07,3241.860107,3244.909912,3232.429932,3237.179932,1,Holding,0.0,0.0,0.0,-20.67016599999988,-20.67016599999988,3,0.0,-0.6344725932199684,-0.6344725932199684,3257.850098,3237.179932
4,2020-01-08,3238.590088,3267.070068,3236.669922,3253.050049,0,Holding,0.0,0.0,0.0,-4.8000489999999445,-4.8000489999999445,4,0.0,-0.14733793316477953,-0.14733793316477953,3257.850098,3253.050049
5,2020-01-09,3266.030029,3275.580078,3263.669922,3274.699951,1,Holding,0.0,0.0,0.0,16.849853000000167,16.849853000000167,5,0.0,0.5172077441606144,0.5172077441606144,3257.850098,3274.699951
6,2020-01-10,3281.810059,3282.98999,3260.860107,3265.350098,1,Holding,0.0,0.0,0.0,7.5,7.5,6,0.0,0.23021317047718873,0.23021317047718873,3257.850098,3265.350098
7,2020-01-13,3271.129883,3288.129883,3268.429932,3288.129883,1,Holding,0.0,0.0,0.0,30.279785000000174,30.279785000000174,7,0.0,0.9294407074956884,0.9294407074956884,3257.850098,3288.129883
8,2020-01-14,3285.350098,3294.25,3277.189941,3283.149902,0,Holding,0.0,0.0,0.0,25.299804000000222,25.299804000000222,8,0.0,0.776579745505535,0.776579745505535,3257.850098,3283.149902
9,2020-01-15,3282.27002,3298.659912,3280.689941,3289.290039,1,Holding,0.0,0.0,0.0,31.43994100000009,31.43994100000009,9,0.0,0.9650517996301036,0.9650517996301036,3257.850098,3289.290039
10,2020-01-16,3302.969971,3317.110107,3302.820068,3316.810059,1,Holding,0.0,0.0,0.0,58.95996100000002,58.95996100000002,10,0.0,1.8097812737361871,1.8097812737361871,3257.850098,3316.810059
11,2020-01-17,3323.659912,3329.879883,3318.860107,3329.620117,1,Holding,0.0,0.0,0.0,71.77001900000005,71.77001900000005,11,0.0,2.2029871492264115,2.2029871492264115,3257.850098,3329.620117
12,2020-01-21,3321.030029,3329.790039,3316.610107,3320.790039,1,Holding,0.0,0.0,0.0,62.93994100000009,62.93994100000009,12,0.0,1.931947115634296,1.931947115634296,3257.850098,3320.790039
13,2020-01-22,3330.02002,3337.77002,3320.040039,3321.75,1,Holding,0.0,0.0,0.0,63.89990200000011,63.89990200000011,13,0.0,1.9614132043468906,1.9614132043468906,3257.850098,3321.75
14,2020-01-23,3315.77002,3326.879883,3301.870117,3325.540039,1,Holding,0.0,0.0,0.0,67.68994100000009,67.68994100000009,14,0.0,2.077748790269849,2.077748790269849,3257.850098,3325.540039
15,2020-01-24,3333.100098,3333.179932,3281.530029,3295.469971,1,Holding,0.0,0.0,0.0,37.6198730000001,37.6198730000001,15,0.0,1.1547453648372281,1.1547453648372281,3257.850098,3295.469971
16,2020-01-27,3247.159912,3258.850098,3234.5,3243.629883,0,Holding,0.0,0.0,0.0,-14.220214999999826,-14.220214999999826,16,0.0,-0.4364907706689648,-0.4364907706689648,3257.850098,3243.629883
17,2020-01-28,3255.350098,3285.780029,3253.219971,3276.23999,1,Holding,0.0,0.0,0.0,18.389892000000145,18.389892000000145,17,0.0,0.5644793789404164,0.5644793789404164,3257.850098,3276.23999
18,2020-01-29,3289.459961,3293.469971,3271.889893,3273.399902,1,Holding,0.0,0.0,0.0,15.549804000000222,15.549804000000222,18,0.0,0.4773026238851896,0.4773026238851896,3257.850098,3273.399902
19,2020-01-30,3256.449951,3285.909912,3242.800049,3283.659912,1,Holding,0.0,0.0,0.0,25.809814000000188,25.809814000000188,19,0.0,0.7922345480488767,0.7922345480488767,3257.850098,3283.659912
20,2020-01-31,3282.330078,3282.330078,3214.679932,3225.52002,1,Holding,0.0,0.0,0.0,-32.33007799999996,-32.33007799999996,20,0.0,-0.9923746344206399,-0.9923746344206399,3257.850098,3225.52002
21,2020-02-03,3235.659912,3268.439941,3235.659912,3248.919922,1,Holding,0.0,0.0,0.0,-8.930175999999847,-8.930175999999847,21,0.0,-0.27411255065056855,-0.27411255065056855,3257.850098,3248.919922
22,2020-02-04,3280.610107,3306.919922,3280.610107,3297.590088,0,Holding,0.0,0.0,0.0,39.739990000000034,39.739990000000034,22,0.0,1.2198225456842378,1.2198225456842378,3257.850098,3297.590088
23,2020-02-05,3324.909912,3337.580078,3313.75,3334.689941,1,Holding,0.0,0.0,0.0,76.8398430000002,76.8398430000002,23,0.0,2.358605850133262,2.358605850133262,3257.850098,3334.689941
24,2020-02-06,3344.919922,3347.959961,3334.389893,3345.780029,1,Holding,0.0,0.0,0.0,87.92993100000012,87.92993100000012,24,0.0,2.699017092713396,2.699017092713396,3257.850098,3345.780029
25,2020-02-07,3335.540039,3341.419922,3322.120117,3327.709961,1,Holding,0.0,0.0,0.0,69.85986300000013,69.85986300000013,25,0.0,2.1443547400442773,2.1443547400442773,3257.850098,3327.709961
26,2020-02-10,3318.280029,3352.26001,3317.77002,3352.090088,1,Holding,0.0,0.0,0.0,94.23999000000003,94.23999000000003,26,0.0,2.892704917818476,2.892704917818476,3257.850098,3352.090088
27,2020-02-11,3365.870117,3375.629883,3352.719971,3357.75,1,Holding,0.0,0.0,0.0,99.89990200000011,99.89990200000011,27,0.0,3.0664364226373966,3.0664364226373966,3257.850098,3357.75
28,2020-02-12,3370.5,3381.469971,3369.719971,3379.449951,1,Holding,0.0,0.0,0.0,121.59985300000017,121.59985300000017,28,0.0,3.732518358492017,3.732518358492017,3257.850098,3379.449951
29,2020-02-13,3365.899902,3385.090088,3360.52002,3373.939941,0,Holding,0.0,0.0,0.0,116.0898430000002,116.0898430000002,29,0.0,3.563388108963883,3.563388108963883,3257.850098,3373.939941
30,2020-02-14,3378.080078,3380.689941,3366.149902,3380.159912,0,sell,111.18994100000008,3.4129851790375434,0.0,122.30981400000019,122.30981400000019,0,0.0,3.754310674855372,3.754310674855372,3257.850098,3380.159912
31,2020-02-18,3369.040039,3375.01001,3355.610107,3370.290039,1,Buy,0.0,0.0,111.18994100000008,0.0,111.18994100000008,0,3.4129851790375434,0.0,3.4129851790375434,3369.040039,3369.040039
32,2020-02-19,3380.389893,3393.52002,3378.830078,3386.149902,1,Holding,0.0,0.0,111.18994100000008,15.859863000000132,127.04980400000021,1,3.4129851790375434,0.4868199126085184,3.8998050916460616,3369.040039,3384.899902
33,2020-02-20,3380.449951,3389.149902,3341.02002,3373.22998,0,Holding,0.0,0.0,111.18994100000008,2.93994100000009,114.12988200000017,2,3.4129851790375434,0.09024175181678631,3.5032269308543293,3369.040039,3371.97998
34,2020-02-21,3360.5,3360.76001,3328.449951,3337.75,0,sell,-112.679932,-3.343330416554693,111.18994100000008,-32.54003899999998,78.6499020000001,0,3.4129851790375434,-0.9988194060855153,2.414165772952028,3369.040039,3336.5
35,2020-02-24,3257.610107,3259.810059,3214.649902,3225.889893,1,Buy,0.0,0.0,-1.489990999999918,0.0,-1.489990999999918,0,-0.04573540694566107,0.0,-0.04573540694566107,3256.360107,3256.360107
36,2020-02-25,3238.939941,3246.98999,3118.77002,3128.209961,0,Holding,0.0,0.0,-1.489990999999918,-97.67993200000001,-99.16992299999993,1,-0.04573540694566107,-2.9982942450288275,-3.0440296519744883,3256.360107,3158.680175
37,2020-02-26,3139.899902,3182.51001,3108.98999,3116.389893,0,sell,-163.34985400000005,-5.063714491758075,-1.489990999999918,-109.5,-110.98999099999992,0,-0.04573540694566107,-3.3611122889669556,-3.406847695912617,3256.360107,3146.860107
38,2020-02-27,3062.540039,3097.070068,2977.389893,2978.76001,1,Buy,0.0,0.0,-164.83984499999997,0.0,-164.83984499999997,0,-5.0597737784557815,0.0,-5.0597737784557815,3093.010253,3093.010253
39,2020-02-28,2916.899902,2959.719971,2855.840088,2954.219971,1,Holding,0.0,0.0,-164.83984499999997,-24.54003899999998,-189.37988399999995,1,-5.0597737784557815,-0.7532586909098473,-5.813032469365629,3093.010253,3068.470214
40,2020-03-02,2974.280029,3090.959961,2945.189941,3090.22998,0,Holding,0.0,0.0,-164.83984499999997,111.4699700000001,-53.369874999999865,2,-5.0597737784557815,3.4215806942262854,-1.6381930842294963,3093.010253,3204.480223
41,2020-03-03,3096.459961,3136.719971,2976.629883,3003.370117,1,Holding,0.0,0.0,-164.83984499999997,24.61010699999997,-140.229738,3,-5.0597737784557815,0.7554094344337132,-4.304364344022068,3093.010253,3117.62036
42,2020-03-04,3045.75,3130.969971,3034.379883,3130.120117,0,Holding,0.0,0.0,-164.83984499999997,151.36010699999997,-13.479737999999998,4,-5.0597737784557815,4.6460120154982025,-0.41376176295757844,3093.010253,3244.37036
43,2020-03-05,3075.699951,3083.040039,2999.830078,3023.939941,0,sell,-24.56005899999991,-0.8245061340137941,-164.83984499999997,45.179931000000124,-119.65991399999984,0,-5.0597737784557815,1.3868020209934204,-3.672971757462361,3093.010253,3138.190184
44,2020-03-06,2954.199951,2985.929932,2901.540039,2972.370117,0,No action,0.0,0.0,-189.39990399999988,0.0,-189.39990399999988,0,-5.813646985055353,0.0,-5.813646985055353,3068.450194,3068.450194
45,2020-03-09,2863.889893,2863.889893,2734.429932,2746.560059,1,Buy,0.0,0.0,-189.39990399999988,0.0,-189.39990399999988,0,-5.813646985055353,0.0,-5.813646985055353,3068.450194,3068.450194
46,2020-03-10,2813.47998,2882.590088,2734.0,2882.22998,1,Holding,0.0,0.0,-189.39990399999988,135.66992100000016,-53.72998299999972,1,-5.813646985055353,4.164400353573302,-1.6492466314820518,3068.450194,3204.120115
47,2020-03-11,2825.600098,2825.600098,2707.219971,2741.379883,1,Holding,0.0,0.0,-189.39990399999988,-5.180175999999847,-194.58007999999973,2,-5.813646985055353,-0.15900596541197418,-5.972652950467328,3068.450194,3063.270018
48,2020-03-12,2630.860107,2660.949951,2478.860107,2480.639893,1,Holding,0.0,0.0,-189.39990399999988,-265.9201659999999,-455.32006999999976,3,-5.813646985055353,-8.16244326782404,-13.976090252879395,3068.450194,2802.530028
49,2020-03-13,2569.98999,2711.330078,2492.370117,2711.02002,1,Holding,0.0,0.0,-189.39990399999988,-35.54003899999998,-224.93994299999986,4,-5.813646985055353,-1.0909046742763908,-6.904551659331745,3068.450194,3032.910155
50,2020-03-16,2508.590088,2562.97998,2380.939941,2386.129883,1,Holding,0.0,0.0,-189.39990399999988,-360.43017599999985,-549.8300799999997,5,-5.813646985055353,-11.063436473681481,-16.877083458736834,3068.450194,2708.020018
51,2020-03-17,2425.659912,2553.929932,2367.040039,2529.189941,1,Holding,0.0,0.0,-189.39990399999988,-217.37011799999982,-406.7700219999997,6,-5.813646985055353,-6.672195204237412,-12.485842189292766,3068.450194,2851.080076
52,2020-03-18,2436.5,2453.570068,2280.52002,2398.100098,1,Holding,0.0,0.0,-189.39990399999988,-348.459961,-537.8598649999999,7,-5.813646985055353,-10.696009654155672,-16.509656639211027,3068.450194,2719.990233
53,2020-03-19,2393.47998,2466.969971,2319.780029,2409.389893,1,Holding,0.0,0.0,-189.39990399999988,-337.1701659999999,-526.5700699999998,8,-5.813646985055353,-10.349468387357334,-16.163115372412687,3068.450194,2731.280028
54,2020-03-20,2431.939941,2453.01001,2295.560059,2304.919922,1,Holding,0.0,0.0,-189.39990399999988,-441.64013699999987,-631.0400409999997,9,-5.813646985055353,-13.556183486499995,-19.36983047155535,3068.450194,2626.810057
55,2020-03-23,2290.709961,2300.72998,2191.860107,2237.399902,1,Holding,0.0,0.0,-189.39990399999988,-509.1601569999998,-698.5600609999997,10,-5.813646985055353,-15.628716536484418,-21.44236352153977,3068.450194,2559.290037
56,2020-03-24,2344.439941,2449.709961,2344.439941,2447.330078,1,Holding,0.0,0.0,-189.39990399999988,-299.22998099999995,-488.62988499999983,11,-5.813646985055353,-9.18489101704519,-14.998538002100545,3068.450194,2769.220213
57,2020-03-25,2457.77002,2571.419922,2407.530029,2475.560059,1,Holding,0.0,0.0,-189.39990399999988,-271.0,-460.3999039999999,12,-5.813646985055353,-8.318369226575753,-14.132016211631107,3068.450194,2797.450194
58,2020-03-26,2501.290039,2637.01001,2500.719971,2630.070068,1,Holding,0.0,0.0,-189.39990399999988,-116.48999099999992,-305.8898949999998,13,-5.813646985055353,-3.575670687595888,-9.389317672651242,3068.450194,2951.960203
59,2020-03-27,2555.870117,2615.909912,2520.02002,2541.469971,0,Holding,0.0,0.0,-189.39990399999988,-205.09008799999992,-394.4899919999998,14,-5.813646985055353,-6.295258585590083,-12.108905570645437,3068.450194,2863.360106
60,2020-03-30,2558.97998,2631.800049,2545.280029,2626.649902,0,sell,-131.87011799999982,-4.801282883579566,-189.39990399999988,-119.9101569999998,-309.3100609999997,0,-5.813646985055353,-3.6806529887183226,-9.494299973773677,3068.450194,2948.540037
61,2020-03-31,2614.689941,2641.389893,2571.149902,2584.590088,1,Buy,0.0,0.0,-321.2700219999997,0.0,-321.2700219999997,0,-9.861412045852815,0.0,-9.861412045852815,2936.580076,2936.580076
62,2020-04-01,2498.080078,2522.75,2447.48999,2470.5,1,Holding,0.0,0.0,-321.2700219999997,-114.09008799999992,-435.3601099999996,1,-9.861412045852815,-3.5020054504668594,-13.363417496319673,2936.580076,2822.4899880000003
63,2020-04-02,2458.540039,2533.219971,2455.790039,2526.899902,1,Holding,0.0,0.0,-321.2700219999997,-57.69018599999981,-378.9602079999995,2,-9.861412045852815,-1.7708054165971578,-11.632217462449972,2936.580076,2878.8898900000004
64,2020-04-03,2514.919922,2538.179932,2459.959961,2488.649902,0,Holding,0.0,0.0,-321.2700219999997,-95.94018599999981,-417.2102079999995,3,-9.861412045852815,-2.9448925860308206,-12.806304631883632,2936.580076,2840.6398900000004
65,2020-04-06,2578.280029,2676.850098,2574.570068,2663.679932,1,Holding,0.0,0.0,-321.2700219999997,79.08984400000008,-242.18017799999961,4,-9.861412045852815,2.427669831971504,-7.43374221388131,2936.580076,3015.6699200000003
66,2020-04-07,2738.649902,2756.889893,2657.669922,2659.409912,0,Holding,0.0,0.0,-321.2700219999997,74.81982400000015,-246.45019799999955,5,-9.861412045852815,2.2966011863447053,-7.564810859508109,2936.580076,3011.3999000000003
67,2020-04-08,2685.0,2760.75,2663.300049,2749.97998,0,sell,192.3999020000001,7.444116685786814,-321.2700219999997,165.38989200000015,-155.88012999999955,0,-9.861412045852815,5.076657520293316,-4.7847545255594985,2936.580076,3101.9699680000003
68,2020-04-09,2776.98999,2818.570068,2762.360107,2789.820068,1,Buy,0.0,0.0,-128.8701199999996,0.0,-128.8701199999996,0,-3.955679853996757,0.0,-3.955679853996757,3128.9799780000003,3128.9799780000003
69,2020-04-13,2782.459961,2782.459961,2721.169922,2761.629883,1,Holding,0.0,0.0,-128.8701199999996,-28.19018499999993,-157.06030499999952,1,-3.955679853996757,-0.8653002486917962,-4.820980102688553,3128.9799780000003,3100.7897930000004
70,2020-04-14,2805.100098,2851.850098,2805.100098,2846.060059,0,Holding,0.0,0.0,-128.8701199999996,56.23999099999992,-72.63012899999967,2,-3.955679853996757,1.7262915514291388,-2.2293883025676178,3128.9799780000003,3185.219969
71,2020-04-15,2795.639893,2801.879883,2761.540039,2783.360107,0,sell,9.520019999999931,0.3412413620934614,-128.8701199999996,-6.459961000000021,-135.3300809999996,0,-3.955679853996757,-0.19828908039586607,-4.153968934392623,3128.9799780000003,3122.5200170000003
72,2020-04-16,2799.340088,2806.51001,2764.320068,2799.550049,1,Buy,0.0,0.0,-119.35009999999966,0.0,-119.35009999999966,0,-3.663461989035926,0.0,-3.663461989035926,3138.4999980000002,3138.4999980000002
73,2020-04-17,2842.429932,2879.219971,2830.879883,2874.560059,1,Holding,0.0,0.0,-119.35009999999966,75.01000999999997,-44.34008999999969,1,-3.663461989035926,2.30243896261675,-1.361023026419176,3138.4999980000002,3213.510008
74,2020-04-20,2845.620117,2868.97998,2820.429932,2823.159912,1,Holding,0.0,0.0,-119.35009999999966,23.609863000000132,-95.74023699999952,2,-3.663461989035926,0.7247068554349468,-2.938755133600979,3138.4999980000002,3162.1098610000004
75,2020-04-21,2784.810059,2785.540039,2727.100098,2736.560059,1,Holding,0.0,0.0,-119.35009999999966,-62.989990000000034,-182.3400899999997,3,-3.663461989035926,-1.933483374163523,-5.596945363199449,3138.4999980000002,3075.510008
76,2020-04-22,2787.889893,2815.100098,2775.949951,2799.310059,1,Holding,0.0,0.0,-119.35009999999966,-0.23999000000003434,-119.59008999999969,4,-3.663461989035926,-0.0073665145043771245,-3.670828503540303,3138.4999980000002,3138.260008
77,2020-04-23,2810.419922,2844.899902,2794.26001,2797.800049,1,Holding,0.0,0.0,-119.35009999999966,-1.75,-121.10009999999966,5,-3.663461989035926,-0.053716406444677366,-3.7171783954806035,3138.4999980000002,3136.7499980000002
78,2020-04-24,2812.639893,2842.709961,2791.76001,2836.73999,1,Holding,0.0,0.0,-119.35009999999966,37.18994100000009,-82.16015899999957,6,-3.663461989035926,1.1415485636626148,-2.5219134253733113,3138.4999980000002,3175.6899390000003
79,2020-04-27,2854.649902,2887.719971,2852.889893,2878.47998,0,Holding,0.0,0.0,-119.35009999999966,78.92993100000012,-40.42016899999953,7,-3.663461989035926,2.4227612881407694,-1.2407007008951563,3138.4999980000002,3217.4299290000004
80,2020-04-28,2909.959961,2921.149902,2860.709961,2863.389893,1,Holding,0.0,0.0,-119.35009999999966,63.839844000000085,-55.51025599999957,8,-3.663461989035926,1.9595697186678873,-1.7038922703680386,3138.4999980000002,3202.3398420000003
81,2020-04-29,2918.459961,2954.860107,2912.159912,2939.51001,1,Holding,0.0,0.0,-119.35009999999966,139.95996100000002,20.609861000000365,9,-3.663461989035926,4.296083514889826,0.6326215258538996,3138.4999980000002,3278.4599590000003
82,2020-04-30,2930.909912,2930.909912,2892.469971,2912.429932,1,Holding,0.0,0.0,-119.35009999999966,112.87988300000006,-6.470216999999593,10,-3.663461989035926,3.4648580998032177,-0.19860388923270814,3138.4999980000002,3251.3798810000003
83,2020-05-01,2869.090088,2869.090088,2821.610107,2830.709961,1,Holding,0.0,0.0,-119.35009999999966,31.159912000000077,-88.19018799999958,11,-3.663461989035926,0.9564562844413623,-2.7070057045945637,3138.4999980000002,3169.6599100000003
84,2020-05-04,2815.01001,2844.23999,2797.850098,2842.73999,1,Holding,0.0,0.0,-119.35009999999966,43.18994100000009,-76.16015899999957,12,-3.663461989035926,1.3257191000443658,-2.3377428889915604,3138.4999980000002,3181.6899390000003
85,2020-05-05,2868.879883,2898.22998,2863.550049,2868.439941,1,Holding,0.0,0.0,-119.35009999999966,68.88989200000015,-50.46020799999951,13,-3.663461989035926,2.1145813934868207,-1.5488805955491054,3138.4999980000002,3207.3898900000004
86,2020-05-06,2883.139893,2891.110107,2847.649902,2848.419922,1,Holding,0.0,0.0,-119.35009999999966,48.8698730000001,-70.48022699999956,14,-3.663461989035926,1.5000651205530113,-2.1633968684829146,3138.4999980000002,3187.3698710000003
87,2020-05-07,2878.26001,2901.919922,2876.47998,2881.189941,0,Holding,0.0,0.0,-119.35009999999966,81.63989200000015,-37.71020799999951,15,-3.663461989035926,2.5059437832980413,-1.1575182057378846,3138.4999980000002,3220.1398900000004
88,2020-05-08,2908.830078,2932.159912,2902.879883,2929.800049,1,Holding,0.0,0.0,-119.35009999999966,130.25,10.899900000000343,16,-3.663461989035926,3.9980353939538444,0.3345734049179184,3138.4999980000002,3268.7499980000002
89,2020-05-11,2915.459961,2944.25,2903.439941,2930.189941,0,Holding,0.0,0.0,-119.35009999999966,130.63989200000015,11.289792000000489,17,-3.663461989035926,4.0100031637490074,0.3465411747130819,3138.4999980000002,3269.1398900000004
90,2020-05-12,2939.5,2945.820068,2869.590088,2870.120117,1,Holding,0.0,0.0,-119.35009999999966,70.57006799999999,-48.780031999999665,18,-3.663461989035926,2.16615454600944,-1.4973074430264859,3138.4999980000002,3209.070066
91,2020-05-13,2865.860107,2874.139893,2793.149902,2820.0,0,Holding,0.0,0.0,-119.35009999999966,20.449951000000056,-98.9001489999996,19,-3.663461989035926,0.6277130741084225,-3.0357489149275034,3138.4999980000002,3158.9499490000003
92,2020-05-14,2794.540039,2852.800049,2766.639893,2852.5,0,sell,30.39990200000011,1.0858852839890811,-119.35009999999966,52.949951000000056,-66.4001489999996,0,-3.663461989035926,1.625303479509574,-2.038158509526352,3138.4999980000002,3191.4499490000003
93,2020-05-15,2829.949951,2865.01001,2816.780029,2863.699951,0,No action,0.0,0.0,-88.95019799999955,0.0,-88.95019799999955,0,-2.730334279487145,0.0,-2.730334279487145,3168.8999000000003,3168.8999000000003
94,2020-05-18,2913.860107,2968.090088,2913.860107,2953.909912,0,No action,0.0,0.0,-88.95019799999955,0.0,-88.95019799999955,0,-2.730334279487145,0.0,-2.730334279487145,3168.8999000000003,3168.8999000000003
95,2020-05-19,2948.590088,2964.209961,2922.350098,2922.939941,1,Buy,0.0,0.0,-88.95019799999955,0.0,-88.95019799999955,0,-2.730334279487145,0.0,-2.730334279487145,3168.8999000000003,3168.8999000000003
96,2020-05-20,2953.629883,2980.290039,2953.629883,2971.610107,1,Holding,0.0,0.0,-88.95019799999955,48.67016599999988,-40.280031999999665,1,-2.730334279487145,1.4939350963348064,-1.2363991831523389,3168.8999000000003,3217.570066
97,2020-05-21,2969.949951,2978.5,2938.570068,2948.51001,1,Holding,0.0,0.0,-88.95019799999955,25.570068999999876,-63.38012899999967,2,-2.730334279487145,0.7848755538413934,-1.9454587256457518,3168.8999000000003,3194.469969
98,2020-05-22,2948.050049,2956.76001,2933.590088,2955.449951,1,Holding,0.0,0.0,-88.95019799999955,32.510009999999966,-56.44018799999958,3,-2.730334279487145,0.9978976632460137,-1.7324366162411313,3168.8999000000003,3201.4099100000003
99,2020-05-26,3004.080078,3021.719971,2988.169922,2991.77002,0,Holding,0.0,0.0,-88.95019799999955,68.83007899999984,-20.120118999999704,4,-2.730334279487145,2.112745428104711,-0.6175888513824341,3168.8999000000003,3237.729979
100,2020-05-27,3015.649902,3036.25,2969.75,3036.129883,0,sell,123.67016599999988,4.231019743693047,-88.95019799999955,113.18994199999997,24.239744000000428,0,-2.730334279487145,3.4743753885265467,0.7440411090394016,3168.8999000000003,3282.0898420000003
101,2020-05-28,3046.610107,3068.669922,3023.399902,3029.72998,1,Buy,0.0,0.0,34.719968000000335,0.0,34.719968000000335,0,1.0657325216195486,0.0,1.0657325216195486,3292.570066,3292.570066
102,2020-05-29,3025.169922,3049.169922,2998.610107,3044.310059,0,Holding,0.0,0.0,34.719968000000335,14.580078999999841,49.30004700000018,1,1.0657325216195486,0.4475368283197124,1.5132693499392609,3292.570066,3307.150145
103,2020-06-01,3038.780029,3062.179932,3031.540039,3055.72998,1,Holding,0.0,0.0,34.719968000000335,26.0,60.719968000000335,2,1.0657325216195486,0.798072324320921,1.8638048459404695,3292.570066,3318.570066
104,2020-06-02,3064.780029,3081.070068,3051.639893,3080.820068,1,Holding,0.0,0.0,34.719968000000335,51.09008799999992,85.81005600000026,3,1.0657325216195486,1.5682148184584743,2.6339473400780227,3292.570066,3343.660154
105,2020-06-03,3098.899902,3130.939941,3098.899902,3122.870117,1,Holding,0.0,0.0,34.719968000000335,93.14013699999987,127.8601050000002,4,1.0657325216195486,2.858944831659958,3.9246773532795065,3292.570066,3385.710203
106,2020-06-04,3111.560059,3128.909912,3090.409912,3112.350098,1,Holding,0.0,0.0,34.719968000000335,82.62011799999982,117.34008600000016,5,1.0657325216195486,2.5360319079972546,3.6017644296168028,3292.570066,3375.190184
107,2020-06-05,3163.840088,3211.719971,3163.840088,3193.929932,0,Holding,0.0,0.0,34.719968000000335,164.19995199999994,198.91992000000027,6,1.0657325216195486,5.040132205616293,6.105864727235842,3292.570066,3456.770018
108,2020-06-08,3199.919922,3233.129883,3196.0,3232.389893,1,Holding,0.0,0.0,34.719968000000335,202.65991299999996,237.3798810000003,7,1.0657325216195486,6.220664146714831,7.286396668334379,3292.570066,3495.229979
109,2020-06-09,3213.320068,3222.709961,3193.110107,3207.179932,0,Holding,0.0,0.0,34.719968000000335,177.44995199999994,212.16992000000027,8,1.0657325216195486,5.446842140125993,6.512574661745542,3292.570066,3470.020018
110,2020-06-10,3213.419922,3223.27002,3181.48999,3190.139893,0,sell,93.80004899999994,3.095987088591966,34.719968000000335,160.40991299999996,195.1298810000003,0,1.0657325216195486,4.923796619693334,5.989529141312882,3292.570066,3452.979979
111,2020-06-11,3123.530029,3123.530029,2999.48999,3002.100098,0,No action,0.0,0.0,128.52001700000028,0.0,128.52001700000028,0,3.9449334111136345,0.0,3.9449334111136345,3386.370115,3386.370115
112,2020-06-12,3071.040039,3088.419922,2984.469971,3041.310059,1,Buy,0.0,0.0,128.52001700000028,0.0,128.52001700000028,0,3.9449334111136345,0.0,3.9449334111136345,3386.370115,3386.370115
113,2020-06-15,2993.76001,3079.76001,2965.659912,3066.590088,1,Holding,0.0,0.0,128.52001700000028,25.280029000000013,153.8000460000003,1,3.9449334111136345,0.7759727501127037,4.720906161226338,3386.370115,3411.650144
114,2020-06-16,3131.0,3153.449951,3076.060059,3124.73999,0,Holding,0.0,0.0,128.52001700000028,83.42993100000012,211.9499480000004,2,3.9449334111136345,2.560889190427083,6.505822601540717,3386.370115,3469.8000460000003
115,2020-06-17,3136.129883,3141.159912,3108.030029,3113.48999,1,Holding,0.0,0.0,128.52001700000028,72.17993100000012,200.6999480000004,3,3.9449334111136345,2.2155694347112997,6.160502845824934,3386.370115,3458.5500460000003
116,2020-06-18,3101.639893,3120.0,3093.51001,3115.340088,0,Holding,0.0,0.0,128.52001700000028,74.03002900000001,202.5500460000003,4,3.9449334111136345,2.27235835821443,6.217291769328065,3386.370115,3460.400144
117,2020-06-19,3140.290039,3155.530029,3083.110107,3097.73999,0,sell,53.10986300000013,1.7462824233535388,128.52001700000028,56.429931000000124,184.9499480000004,0,3.9449334111136345,1.7321217767092036,5.677055187822838,3386.370115,3442.8000460000003
118,2020-06-22,3094.419922,3120.919922,3079.389893,3117.860107,0,No action,0.0,0.0,181.6298800000004,0.0,181.6298800000004,0,5.575145403758857,0.0,5.575145403758857,3439.4799780000003,3439.4799780000003
119,2020-06-23,3138.699951,3154.899902,3127.120117,3131.290039,1,Buy,0.0,0.0,181.6298800000004,0.0,181.6298800000004,0,5.575145403758857,0.0,5.575145403758857,3439.4799780000003,3439.4799780000003
120,2020-06-24,3114.399902,3115.01001,3032.129883,3050.330078,1,Holding,0.0,0.0,181.6298800000004,-80.95996100000002,100.66991900000039,1,5.575145403758857,-2.485073240469274,3.090072163289583,3439.4799780000003,3358.5200170000003
121,2020-06-25,3046.600098,3086.25,3024.01001,3083.76001,0,Holding,0.0,0.0,181.6298800000004,-47.53002900000001,134.0998510000004,2,5.575145403758857,-1.4589384891950303,4.1162069145638265,3439.4799780000003,3391.9499490000003
122,2020-06-26,3073.199951,3073.72998,3004.629883,3009.050049,0,sell,-112.69995100000006,-3.5991540098914503,181.6298800000004,-122.23999000000003,59.38989000000038,0,5.575145403758857,-3.752167420933314,1.822977982825543,3439.4799780000003,3317.2399880000003
123,2020-06-29,3018.590088,3053.889893,2999.73999,3053.23999,1,Buy,0.0,0.0,68.92992900000036,0.0,68.92992900000036,0,2.115810332781013,0.0,2.115810332781013,3326.7800270000002,3326.7800270000002
124,2020-06-30,3050.199951,3111.51001,3047.830078,3100.290039,1,Holding,0.0,0.0,68.92992900000036,47.050048999999944,115.9799780000003,1,2.115810332781013,1.444205460186276,3.5600157929672887,3326.7800270000002,3373.830076
125,2020-07-01,3105.919922,3128.439941,3101.169922,3115.860107,1,Holding,0.0,0.0,68.92992900000036,62.62011699999994,131.5500460000003,2,2.115810332781013,1.9221300893629987,4.037940422144012,3326.7800270000002,3389.400144
126,2020-07-02,3143.639893,3165.810059,3124.52002,3130.01001,1,Holding,0.0,0.0,68.92992900000036,76.77001999999993,145.6999490000003,3,2.115810332781013,2.35646262690629,4.472272959687302,3326.7800270000002,3403.550047
127,2020-07-06,3155.290039,3182.590088,3155.290039,3179.719971,1,Holding,0.0,0.0,68.92992900000036,126.47998099999995,195.4099100000003,4,2.115810332781013,3.882314323720611,5.9981246565016235,3326.7800270000002,3453.260008
128,2020-07-07,3166.439941,3184.149902,3142.929932,3145.320068,1,Holding,0.0,0.0,68.92992900000036,92.08007799999996,161.01000700000031,5,2.115810332781013,2.82640622588891,4.942216558669924,3326.7800270000002,3418.860105
129,2020-07-08,3153.070068,3171.800049,3136.530029,3169.939941,1,Holding,0.0,0.0,68.92992900000036,116.69995100000006,185.6298800000004,6,2.115810332781013,3.5821154285656776,5.697925761346691,3326.7800270000002,3443.4799780000003
130,2020-07-09,3176.169922,3179.780029,3115.699951,3152.050049,0,Holding,0.0,0.0,68.92992900000036,98.81005899999991,167.73998800000027,7,2.115810332781013,3.0329835943237407,5.148793927104754,3326.7800270000002,3425.590086
131,2020-07-10,3152.469971,3186.820068,3136.219971,3185.040039,1,Holding,0.0,0.0,68.92992900000036,131.80004899999994,200.7299780000003,8,2.115810332781013,4.045614286578509,6.161424619359522,3326.7800270000002,3458.580076
132,2020-07-13,3205.080078,3235.320068,3149.429932,3155.219971,0,Holding,0.0,0.0,68.92992900000036,101.97998099999995,170.9099100000003,9,2.115810332781013,3.1302846334951275,5.246094966276141,3326.7800270000002,3428.760008
133,2020-07-14,3141.110107,3200.949951,3127.659912,3197.52002,0,sell,172.73999000000003,5.657596211426539,68.92992900000036,144.2800299999999,213.20995900000025,0,2.115810332781013,4.428688419045851,6.544498751826863,3326.7800270000002,3471.060057
134,2020-07-15,3225.97998,3238.280029,3200.76001,3226.560059,1,Buy,0.0,0.0,241.6699190000004,0.0,241.6699190000004,0,7.418079768260731,0.0,7.418079768260731,3499.5200170000003,3499.5200170000003
135,2020-07-16,3208.360107,3220.389893,3198.590088,3215.570068,0,Holding,0.0,0.0,241.6699190000004,-10.989990999999918,230.67992800000047,1,7.418079768260731,-0.3373387562167668,7.080741012043965,3499.5200170000003,3488.5300260000004
136,2020-07-17,3224.209961,3233.52002,3205.649902,3224.72998,1,Holding,0.0,0.0,241.6699190000004,-1.8300789999998415,239.83984000000055,2,7.418079768260731,-0.05617443850849154,7.36190532975224,3499.5200170000003,3497.6899380000004
137,2020-07-20,3224.290039,3258.610107,3215.159912,3251.840088,1,Holding,0.0,0.0,241.6699190000004,25.280029000000013,266.9499480000004,3,7.418079768260731,0.7759727501127037,8.194052518373434,3499.5200170000003,3524.8000460000003
138,2020-07-21,3268.52002,3277.290039,3247.77002,3257.300049,0,Holding,0.0,0.0,241.6699190000004,30.739990000000034,272.4099090000004,4,7.418079768260731,0.9435667411116113,8.361646509372342,3499.5200170000003,3530.2600070000003
139,2020-07-22,3254.860107,3279.320068,3253.100098,3276.02002,0,sell,45.07983400000012,1.3971484545671715,241.6699190000004,49.45996100000002,291.1298800000004,0,7.418079768260731,1.5181779244650815,8.936257692725814,3499.5200170000003,3548.9799780000003
140,2020-07-23,3271.639893,3279.98999,3222.659912,3235.659912,1,Buy,0.0,0.0,286.7497530000005,0.0,286.7497530000005,0,8.801809302890785,0.0,8.801809302890785,3544.5998510000004,3544.5998510000004
141,2020-07-24,3218.580078,3227.26001,3200.050049,3215.629883,1,Holding,0.0,0.0,286.7497530000005,-20.030029000000013,266.7197240000005,1,8.801809302890785,-0.6148235307786717,8.186985772112113,3544.5998510000004,3524.5698220000004
142,2020-07-27,3219.840088,3241.429932,3214.25,3239.409912,1,Holding,0.0,0.0,286.7497530000005,3.75,290.4997530000005,2,8.801809302890785,0.11510658523859436,8.91691588812938,3544.5998510000004,3548.3498510000004
143,2020-07-28,3234.27002,3243.719971,3216.169922,3218.439941,0,Holding,0.0,0.0,286.7497530000005,-17.219970999999987,269.5297820000005,3,8.801809302890785,-0.5285685492580324,8.273240753632752,3544.5998510000004,3527.3798800000004
144,2020-07-29,3227.219971,3264.73999,3227.219971,3258.439941,0,sell,-3.899902000000111,-0.1205287980215922,286.7497530000005,22.780029000000013,309.5297820000005,0,8.801809302890785,0.6992350266203075,9.50104432951109,3544.5998510000004,3567.3798800000004
145,2020-07-30,3231.76001,3250.919922,3204.129883,3246.219971,1,Buy,0.0,0.0,282.8498510000004,0.0,282.8498510000004,0,8.682101462361404,0.0,8.682101462361404,3540.6999490000003,3540.6999490000003
146,2020-07-31,3270.449951,3272.169922,3220.26001,3271.120117,1,Holding,0.0,0.0,282.8498510000004,24.90014599999995,307.74999700000035,1,8.682101462361404,0.764312207467317,9.44641366982872,3540.6999490000003,3565.6000950000002
147,2020-08-03,3288.26001,3302.72998,3284.530029,3294.610107,1,Holding,0.0,0.0,282.8498510000004,48.390135999999984,331.2399870000004,2,8.682101462361404,1.4853395504509792,10.167441012812382,3540.6999490000003,3589.0900850000003
148,2020-08-04,3289.919922,3306.840088,3286.370117,3306.51001,0,Holding,0.0,0.0,282.8498510000004,60.29003899999998,343.1398900000004,3,8.682101462361404,1.8506081368511136,10.532709599212517,3540.6999490000003,3600.9899880000003
149,2020-08-05,3317.370117,3330.77002,3317.370117,3327.77002,1,Holding,0.0,0.0,282.8498510000004,81.55004899999994,364.39990000000034,4,8.682101462361404,2.5031860443813443,11.185287506742746,3540.6999490000003,3622.2499980000002
150,2020-08-06,3323.169922,3351.030029,3318.139893,3349.159912,1,Holding,0.0,0.0,282.8498510000004,102.93994100000009,385.7897920000005,5,8.682101462361404,3.1597506915126363,11.84185215387404,3540.6999490000003,3643.6398900000004
151,2020-08-07,3340.050049,3352.540039,3328.719971,3351.280029,0,Holding,0.0,0.0,282.8498510000004,105.06005800000003,387.9099090000004,6,8.682101462361404,3.2248278723596457,11.906929334721049,3540.6999490000003,3645.7600070000003
152,2020-08-10,3356.040039,3363.290039,3335.439941,3360.469971,1,Holding,0.0,0.0,282.8498510000004,114.25,397.0998510000004,7,8.682101462361404,3.5069139636025084,12.189015425963913,3540.6999490000003,3654.9499490000003
153,2020-08-11,3370.340088,3381.01001,3326.439941,3333.689941,1,Holding,0.0,0.0,282.8498510000004,87.4699700000001,370.3198210000005,8,8.682101462361404,2.684898548699281,11.367000011060684,3540.6999490000003,3628.1699190000004
154,2020-08-12,3355.459961,3387.889893,3355.459961,3380.350098,1,Holding,0.0,0.0,282.8498510000004,134.1301269999999,416.9799780000003,9,8.682101462361404,4.117136239090394,12.799237701451796,3540.6999490000003,3674.830076
155,2020-08-13,3372.949951,3387.23999,3363.350098,3373.429932,1,Holding,0.0,0.0,282.8498510000004,127.20996100000002,410.0598120000004,10,8.682101462361404,3.904721125078605,12.586822587440007,3540.6999490000003,3667.9099100000003
156,2020-08-14,3368.659912,3378.51001,3361.639893,3372.850098,1,Holding,0.0,0.0,282.8498510000004,126.6301269999999,409.4799780000003,11,8.682101462361404,3.8869230686132052,12.569024530974609,3540.6999490000003,3667.330076
157,2020-08-17,3380.860107,3387.590088,3379.219971,3381.98999,1,Holding,0.0,0.0,282.8498510000004,135.77001900000005,418.61987000000045,12,8.682101462361404,4.167472870631755,12.849574332993157,3540.6999490000003,3676.4699680000003
158,2020-08-18,3387.040039,3395.060059,3370.149902,3389.780029,1,Holding,0.0,0.0,282.8498510000004,143.56005800000003,426.4099090000004,13,8.682101462361404,4.406588814142548,13.08869027650395,3540.6999490000003,3684.2600070000003
159,2020-08-19,3392.51001,3399.540039,3369.659912,3374.850098,1,Holding,0.0,0.0,282.8498510000004,128.6301269999999,411.4799780000003,14,8.682101462361404,3.9483132474071216,12.630414709768525,3540.6999490000003,3669.330076
160,2020-08-20,3360.47998,3390.800049,3354.689941,3385.51001,0,Holding,0.0,0.0,282.8498510000004,139.29003899999998,422.1398900000004,15,8.682101462361404,4.275520199210836,12.957621661572238,3540.6999490000003,3679.9899880000003
161,2020-08-21,3386.01001,3399.959961,3379.310059,3397.159912,0,sell,171.87011699999994,5.294469214513989,282.8498510000004,150.9399410000001,433.7897920000005,0,8.682101462361404,4.633114982566644,13.315216444928046,3540.6999490000003,3691.6398900000004
162,2020-08-24,3418.090088,3432.090088,3413.129883,3431.280029,0,No action,0.0,0.0,454.71996800000034,0.0,454.71996800000034,0,13.957670068342118,0.0,13.957670068342118,3712.570066,3712.570066
163,2020-08-25,3435.949951,3444.209961,3425.840088,3443.620117,0,No action,0.0,0.0,454.71996800000034,0.0,454.71996800000034,0,13.957670068342118,0.0,13.957670068342118,3712.570066,3712.570066
164,2020-08-26,3449.969971,3481.070068,3444.149902,3478.72998,1,Buy,0.0,0.0,454.71996800000034,0.0,454.71996800000034,0,13.957670068342118,0.0,13.957670068342118,3712.570066,3712.570066
165,2020-08-27,3485.139893,3501.379883,3468.350098,3484.550049,1,Holding,0.0,0.0,454.71996800000034,5.820068999999876,460.5400370000002,1,13.957670068342118,0.178647538251463,14.136317606593582,3712.570066,3718.390135
166,2020-08-28,3494.689941,3509.22998,3484.320068,3508.01001,0,Holding,0.0,0.0,454.71996800000034,29.280029999999897,483.99999800000023,2,13.957670068342118,0.8987531383956235,14.85642320673774,3712.570066,3741.850096
167,2020-08-31,3509.72998,3514.77002,3493.25,3500.310059,0,sell,28.70996100000002,0.8253000711483799,454.71996800000034,21.58007899999984,476.3000470000002,0,13.957670068342118,0.6624024540984218,14.62007252244054,3712.570066,3734.150145
168,2020-09-01,3507.439941,3528.030029,3494.600098,3526.649902,1,Buy,0.0,0.0,483.4299290000004,0.0,483.4299290000004,0,14.838924887820312,0.0,14.838924887820312,3741.2800270000002,3741.2800270000002
169,2020-09-02,3543.76001,3588.110107,3535.22998,3580.840088,1,Holding,0.0,0.0,483.4299290000004,54.19018599999981,537.6201150000002,1,14.838924887820312,1.663372603707803,16.502297491528115,3741.2800270000002,3795.470213
170,2020-09-03,3564.73999,3564.850098,3427.409912,3455.060059,1,Holding,0.0,0.0,483.4299290000004,-71.5898430000002,411.8400860000002,2,14.838924887820312,-2.1974566307992296,12.641468257021081,3741.2800270000002,3669.690184
171,2020-09-04,3453.600098,3479.149902,3349.629883,3426.959961,1,Holding,0.0,0.0,483.4299290000004,-99.68994100000009,383.7399880000003,3,14.838924887820312,-3.0599916509725213,11.778933236847791,3741.2800270000002,3641.590086
172,2020-09-08,3371.879883,3379.969971,3329.27002,3331.840088,1,Holding,0.0,0.0,483.4299290000004,-194.8098140000002,288.6201150000002,4,14.838924887820312,-5.979704656134863,8.85922023168545,3741.2800270000002,3546.470213
173,2020-09-09,3369.820068,3424.77002,3366.840088,3398.959961,1,Holding,0.0,0.0,483.4299290000004,-127.68994100000009,355.7399880000003,5,14.838924887820312,-3.919454154087359,10.919470733732952,3741.2800270000002,3613.590086
174,2020-09-10,3412.560059,3425.550049,3329.25,3339.189941,1,Holding,0.0,0.0,483.4299290000004,-187.45996100000002,295.9699680000004,6,14.838924887820312,-5.754100261245354,9.084824626574958,3741.2800270000002,3553.820066
175,2020-09-11,3352.699951,3368.949951,3310.469971,3340.969971,1,Holding,0.0,0.0,483.4299290000004,-185.67993100000012,297.7499980000003,7,14.838924887820312,-5.699462081266089,9.139462806554222,3741.2800270000002,3555.600096
176,2020-09-14,3363.560059,3402.929932,3363.560059,3383.540039,1,Holding,0.0,0.0,483.4299290000004,-143.10986300000013,340.3200660000003,8,14.838924887820312,-4.392770038371487,10.446154849448824,3741.2800270000002,3598.170164
177,2020-09-15,3407.72998,3419.47998,3389.25,3401.199951,1,Holding,0.0,0.0,483.4299290000004,-125.44995100000006,357.97997800000036,9,14.838924887820312,-3.8506974607890645,10.988227427031246,3741.2800270000002,3615.830076
178,2020-09-16,3411.22998,3428.919922,3384.449951,3385.48999,1,Holding,0.0,0.0,483.4299290000004,-141.15991200000008,342.27001700000034,10,14.838924887820312,-4.332916118106797,10.506008769713516,3741.2800270000002,3600.120115
179,2020-09-17,3346.860107,3375.169922,3328.820068,3357.01001,1,Holding,0.0,0.0,483.4299290000004,-169.63989200000015,313.79003700000027,11,14.838924887820312,-5.20711165023039,9.631813237589922,3741.2800270000002,3571.640135
180,2020-09-18,3357.379883,3362.27002,3292.399902,3319.469971,1,Holding,0.0,0.0,483.4299290000004,-207.17993100000012,276.2499980000003,12,14.838924887820312,-6.359406503300696,8.479518384519615,3741.2800270000002,3534.100096
181,2020-09-21,3285.570068,3285.570068,3229.100098,3281.060059,1,Holding,0.0,0.0,483.4299290000004,-245.5898430000002,237.8400860000002,13,14.838924887820312,-7.538402185870008,7.300522701950304,3741.2800270000002,3495.690184
182,2020-09-22,3295.75,3320.310059,3270.949951,3315.570068,1,Holding,0.0,0.0,483.4299290000004,-211.07983400000012,272.3500950000003,14,14.838924887820312,-6.479114374525164,8.359810513295148,3741.2800270000002,3530.200193
183,2020-09-23,3320.110107,3323.350098,3232.570068,3236.919922,1,Holding,0.0,0.0,483.4299290000004,-289.72998000000007,193.69994900000034,15,14.838924887820312,-8.893287637079,5.945637250741313,3741.2800270000002,3451.550047
184,2020-09-24,3226.139893,3278.699951,3209.449951,3246.590088,1,Holding,0.0,0.0,483.4299290000004,-280.0598140000002,203.37011500000023,16,14.838924887820312,-8.596461027225574,6.242463860594738,3741.2800270000002,3461.220213
185,2020-09-25,3236.659912,3306.879883,3228.439941,3298.459961,1,Holding,0.0,0.0,483.4299290000004,-228.1899410000001,255.23998800000032,17,14.838924887820312,-7.004310638481688,7.834614249338625,3741.2800270000002,3513.090086
186,2020-09-28,3333.899902,3360.73999,3332.909912,3351.600098,1,Holding,0.0,0.0,483.4299290000004,-175.04980400000022,308.3801250000002,18,14.838924887820312,-5.37316938270007,9.465755505120242,3741.2800270000002,3566.230223
187,2020-09-29,3350.919922,3357.919922,3327.540039,3335.469971,1,Holding,0.0,0.0,483.4299290000004,-191.17993100000012,292.2499980000003,19,14.838924887820312,-5.868285072949361,8.970639814870951,3741.2800270000002,3550.100096
188,2020-09-30,3341.209961,3393.560059,3340.469971,3363.0,1,Holding,0.0,0.0,483.4299290000004,-163.6499020000001,319.7800270000003,20,14.838924887820312,-5.023248371693501,9.815676516126812,3741.2800270000002,3577.630125
189,2020-10-01,3385.870117,3397.179932,3361.389893,3380.800049,1,Holding,0.0,0.0,483.4299290000004,-145.84985300000017,337.58007600000025,21,14.838924887820312,-4.47687427636826,10.362050611452052,3741.2800270000002,3595.430174
190,2020-10-02,3338.939941,3369.100098,3323.689941,3348.419922,0,Holding,0.0,0.0,483.4299290000004,-178.22998000000007,305.19994900000034,22,14.838924887820312,-5.470785169318127,9.368139718502185,3741.2800270000002,3563.050047
191,2020-10-05,3367.27002,3409.570068,3367.27002,3408.600098,1,Holding,0.0,0.0,483.4299290000004,-118.04980400000022,365.3801250000002,23,14.838924887820312,-3.6235492870734354,11.215375600746876,3741.2800270000002,3623.230223
192,2020-10-06,3408.73999,3431.560059,3354.540039,3360.969971,0,Holding,0.0,0.0,483.4299290000004,-165.67993100000012,317.7499980000003,24,14.838924887820312,-5.085560293326919,9.753364594493393,3741.2800270000002,3575.600096
193,2020-10-07,3384.560059,3426.26001,3384.560059,3419.439941,1,Holding,0.0,0.0,483.4299290000004,-107.20996100000002,376.2199680000004,25,14.838924887820312,-3.290819337139435,11.548105550680878,3741.2800270000002,3634.070066
194,2020-10-08,3434.280029,3447.280029,3428.149902,3446.830078,1,Holding,0.0,0.0,483.4299290000004,-79.81982400000015,403.61010500000026,26,14.838924887820312,-2.4500766333294983,12.388848254490814,3741.2800270000002,3661.460203
195,2020-10-09,3459.669922,3482.340088,3458.070068,3477.139893,1,Holding,0.0,0.0,483.4299290000004,-49.51000900000008,433.91992000000033,27,14.838924887820312,-1.5197141522992224,13.31921073552109,3741.2800270000002,3691.770018
196,2020-10-12,3500.02002,3549.850098,3499.610107,3534.219971,1,Holding,0.0,0.0,483.4299290000004,7.570068999999876,490.9999980000003,28,14.838924887820312,0.2323639446961404,15.071288832516453,3741.2800270000002,3748.850096
197,2020-10-13,3534.01001,3534.01001,3500.860107,3511.929932,1,Holding,0.0,0.0,483.4299290000004,-14.719970000000103,468.7099590000003,29,14.838924887820312,-0.4518307950705503,14.387094092749761,3741.2800270000002,3726.560057
198,2020-10-14,3515.469971,3527.939941,3480.550049,3488.669922,1,Holding,0.0,0.0,483.4299290000004,-37.97998000000007,445.44994900000034,30,14.838924887820312,-1.1657988813946978,13.673126006425615,3741.2800270000002,3703.300047
199,2020-10-15,3453.719971,3489.080078,3440.889893,3483.340088,0,Holding,0.0,0.0,483.4299290000004,-43.30981400000019,440.1201150000002,31,14.838924887820312,-1.3293986124956505,13.509526275324662,3741.2800270000002,3697.970213
200,2020-10-16,3493.5,3515.76001,3480.449951,3483.810059,1,Holding,0.0,0.0,483.4299290000004,-42.8398430000002,440.5900860000002,32,14.838924887820312,-1.314972810636673,13.52395207718364,3741.2800270000002,3698.440184
201,2020-10-19,3493.659912,3502.419922,3419.929932,3426.919922,1,Holding,0.0,0.0,483.4299290000004,-99.72998000000007,383.69994900000034,33,14.838924887820312,-3.0612206516568854,11.777704236163428,3741.2800270000002,3641.550047
202,2020-10-20,3439.379883,3476.929932,3435.649902,3443.120117,1,Holding,0.0,0.0,483.4299290000004,-83.52978500000017,399.90014400000024,34,14.838924887820312,-2.5639542178837282,12.274970669936584,3741.2800270000002,3657.750242
203,2020-10-21,3439.909912,3464.860107,3433.060059,3435.560059,1,Holding,0.0,0.0,483.4299290000004,-91.0898430000002,392.3400860000002,35,14.838924887820312,-2.7960108740399203,12.042914013780392,3741.2800270000002,3650.190184
204,2020-10-22,3438.5,3460.530029,3415.340088,3453.48999,1,Holding,0.0,0.0,483.4299290000004,-73.15991200000008,410.27001700000034,36,14.838924887820312,-2.245650039113619,12.593274848706692,3741.2800270000002,3668.120115
205,2020-10-23,3464.899902,3466.459961,3440.449951,3465.389893,1,Holding,0.0,0.0,483.4299290000004,-61.26000900000008,422.16992000000033,37,14.838924887820312,-1.8803814527134848,12.95854343510683,3741.2800270000002,3680.020018
206,2020-10-26,3441.419922,3441.419922,3364.860107,3400.969971,0,Holding,0.0,0.0,483.4299290000004,-125.67993100000012,357.7499980000003,38,14.838924887820312,-3.8577567174485794,10.981168170371733,3741.2800270000002,3615.600096
207,2020-10-27,3403.149902,3409.51001,3388.709961,3390.679932,0,sell,-184.16992200000004,-5.222234333369904,483.4299290000004,-135.9699700000001,347.4599590000003,0,14.838924887820312,-4.173610384451768,10.665314503368544,3741.2800270000002,3605.310057
208,2020-10-28,3342.47998,3342.47998,3268.889893,3271.030029,0,No action,0.0,0.0,299.2600070000003,0.0,299.2600070000003,0,9.185812667799436,0.0,9.185812667799436,3557.110105,3557.110105
209,2020-10-29,3277.169922,3341.050049,3259.820068,3310.110107,1,Buy,0.0,0.0,299.2600070000003,0.0,299.2600070000003,0,9.185812667799436,0.0,9.185812667799436,3557.110105,3557.110105
210,2020-10-30,3293.590088,3304.929932,3233.939941,3269.959961,1,Holding,0.0,0.0,299.2600070000003,-40.15014599999995,259.10986100000036,1,9.185812667799436,-1.232412320770934,7.953400347028501,3557.110105,3516.9599590000003
211,2020-11-02,3296.199951,3330.139893,3279.73999,3310.23999,1,Holding,0.0,0.0,299.2600070000003,0.12988300000006348,299.3898900000004,2,9.185812667799436,0.003986770296147109,9.189799438095584,3557.110105,3557.2399880000003
212,2020-11-03,3336.25,3389.48999,3336.25,3369.159912,1,Holding,0.0,0.0,299.2600070000003,59.049805000000106,358.3098120000004,3,9.185812667799436,1.8125390433479702,10.998351711147405,3557.110105,3616.1599100000003
213,2020-11-04,3406.459961,3486.25,3405.169922,3443.439941,0,Holding,0.0,0.0,299.2600070000003,133.32983400000012,432.58984100000043,4,9.185812667799436,4.09257117391164,13.278383841711076,3557.110105,3690.4399390000003
214,2020-11-05,3485.73999,3529.050049,3485.73999,3510.449951,1,Holding,0.0,0.0,299.2600070000003,200.33984400000008,499.5998510000004,5,9.185812667799436,6.149449421352722,15.335262089152158,3557.110105,3757.4499490000003
215,2020-11-06,3508.340088,3521.580078,3484.340088,3509.439941,1,Holding,0.0,0.0,299.2600070000003,199.32983400000012,498.58984100000043,6,9.185812667799436,6.118447074110901,15.304259741910336,3557.110105,3756.4399390000003
216,2020-11-09,3583.040039,3645.98999,3547.47998,3550.5,0,Holding,0.0,0.0,299.2600070000003,240.38989300000003,539.6499000000003,7,9.185812667799436,7.378789255760289,16.564601923559724,3557.110105,3797.4999980000002
217,2020-11-10,3543.26001,3557.219971,3511.909912,3545.530029,0,sell,253.109864,7.646569323018595,299.2600070000003,235.41992200000004,534.6799290000004,0,9.185812667799436,7.226235551614998,16.412048219414434,3557.110105,3792.5300270000002
218,2020-11-11,3563.219971,3581.159912,3557.0,3572.659912,0,No action,0.0,0.0,552.3698710000003,0.0,552.3698710000003,0,16.955042570531443,0.0,16.955042570531443,3810.219969,3810.219969
219,2020-11-12,3562.669922,3569.02002,3518.580078,3537.01001,0,No action,0.0,0.0,552.3698710000003,0.0,552.3698710000003,0,16.955042570531443,0.0,16.955042570531443,3810.219969,3810.219969
220,2020-11-13,3552.570068,3593.659912,3552.570068,3585.149902,0,No action,0.0,0.0,552.3698710000003,0.0,552.3698710000003,0,16.955042570531443,0.0,16.955042570531443,3810.219969,3810.219969
221,2020-11-16,3600.159912,3628.51001,3600.159912,3626.909912,0,No action,0.0,0.0,552.3698710000003,0.0,552.3698710000003,0,16.955042570531443,0.0,16.955042570531443,3810.219969,3810.219969
222,2020-11-17,3610.310059,3623.110107,3588.679932,3609.530029,0,No action,0.0,0.0,552.3698710000003,0.0,552.3698710000003,0,16.955042570531443,0.0,16.955042570531443,3810.219969,3810.219969
223,2020-11-18,3612.090088,3619.090088,3567.330078,3567.790039,0,No action,0.0,0.0,552.3698710000003,0.0,552.3698710000003,0,16.955042570531443,0.0,16.955042570531443,3810.219969,3810.219969
224,2020-11-19,3559.409912,3585.219971,3543.840088,3581.870117,1,Buy,0.0,0.0,552.3698710000003,0.0,552.3698710000003,0,16.955042570531443,0.0,16.955042570531443,3810.219969,3810.219969
225,2020-11-20,3579.310059,3581.22998,3556.850098,3557.540039,1,Holding,0.0,0.0,552.3698710000003,-24.330077999999958,528.0397930000004,1,16.955042570531443,-0.7468139192449719,16.208228651286472,3810.219969,3785.8898910000003
226,2020-11-23,3566.820068,3589.810059,3552.77002,3577.590088,1,Holding,0.0,0.0,552.3698710000003,-4.280029000000013,548.0898420000003,2,16.955042570531443,-0.1313758727765753,16.82366669775487,3810.219969,3805.93994
227,2020-11-24,3594.52002,3642.310059,3594.52002,3635.409912,1,Holding,0.0,0.0,552.3698710000003,53.53979500000014,605.9096660000005,3,16.955042570531443,1.6434087938198358,18.59845136435128,3810.219969,3863.7597640000004
228,2020-11-25,3635.5,3635.5,3617.76001,3629.649902,1,Holding,0.0,0.0,552.3698710000003,47.779785000000174,600.1496560000005,4,16.955042570531443,1.466604771942462,18.421647342473904,3810.219969,3857.9997540000004
229,2020-11-27,3638.550049,3644.310059,3629.330078,3638.350098,1,Holding,0.0,0.0,552.3698710000003,56.47998099999995,608.8498520000003,5,16.955042570531443,1.7336580659335161,18.688700636464958,3810.219969,3866.69995
230,2020-11-30,3634.179932,3634.179932,3594.389893,3621.629883,0,Holding,0.0,0.0,552.3698710000003,39.75976600000013,592.1296370000005,6,16.955042570531443,1.220429571772155,18.175472142303597,3810.219969,3849.9797350000003
231,2020-12-01,3645.870117,3678.449951,3645.870117,3662.449951,0,sell,71.90991200000008,2.0076080274018517,552.3698710000003,80.57983400000012,632.9497050000004,0,16.955042570531443,2.4734052082220797,19.428447778753526,3810.219969,3890.7998030000003
232,2020-12-02,3653.780029,3670.959961,3644.840088,3669.01001,0,No action,0.0,0.0,624.2797830000004,0.0,624.2797830000004,0,19.162323747898867,0.0,19.162323747898867,3882.1298810000003,3882.1298810000003
233,2020-12-03,3668.280029,3682.72998,3657.169922,3666.719971,1,Buy,0.0,0.0,624.2797830000004,0.0,624.2797830000004,0,19.162323747898867,0.0,19.162323747898867,3882.1298810000003,3882.1298810000003
234,2020-12-04,3670.939941,3699.199951,3670.939941,3699.120117,0,Holding,0.0,0.0,624.2797830000004,32.40014599999995,656.6799290000004,1,19.162323747898867,0.9945253779445058,20.156849125843372,3882.1298810000003,3914.5300270000002
235,2020-12-07,3694.72998,3697.409912,3678.879883,3691.959961,1,Holding,0.0,0.0,624.2797830000004,25.239990000000034,649.5197730000004,2,19.162323747898867,0.7747437494283396,19.937067497327206,3882.1298810000003,3907.3698710000003
236,2020-12-08,3683.050049,3708.449951,3678.830078,3702.25,1,Holding,0.0,0.0,624.2797830000004,35.53002900000001,659.8098120000004,3,19.162323747898867,1.0905974164315284,20.25292116433039,3882.1298810000003,3917.6599100000003
237,2020-12-09,3705.97998,3712.389893,3660.540039,3672.820068,1,Holding,0.0,0.0,624.2797830000004,6.100097000000005,630.3798800000004,4,19.162323747898867,0.1872430227451185,19.349566770643982,3882.1298810000003,3888.2299780000003
238,2020-12-10,3659.129883,3678.48999,3645.179932,3668.100098,1,Holding,0.0,0.0,624.2797830000004,1.3801269999999022,625.6599100000003,5,19.162323747898867,0.04236312164415314,19.204686869543018,3882.1298810000003,3883.510008
239,2020-12-11,3656.080078,3665.909912,3633.399902,3663.459961,1,Holding,0.0,0.0,624.2797830000004,-3.2600099999999657,621.0197730000004,6,19.162323747898867,-0.10006629838497762,19.062257449513886,3882.1298810000003,3878.8698710000003
240,2020-12-14,3675.27002,3697.610107,3645.840088,3647.48999,1,Holding,0.0,0.0,624.2797830000004,-19.229980999999952,605.0498020000005,7,19.162323747898867,-0.5902659858968119,18.572057762002053,3882.1298810000003,3862.8999000000003
241,2020-12-15,3666.409912,3695.290039,3659.620117,3694.620117,1,Holding,0.0,0.0,624.2797830000004,27.90014599999995,652.1799290000004,8,19.162323747898867,0.8563974756581926,20.01872122355706,3882.1298810000003,3910.0300270000002
242,2020-12-16,3696.25,3711.27002,3688.570068,3701.169922,1,Holding,0.0,0.0,624.2797830000004,34.449951000000056,658.7297340000005,9,19.162323747898867,1.0574443256658415,20.219768073564705,3882.1298810000003,3916.5798320000004
243,2020-12-17,3713.649902,3725.120117,3710.870117,3722.47998,1,Holding,0.0,0.0,624.2797830000004,55.76000900000008,680.0397920000005,10,19.162323747898867,1.7115584610302128,20.87388220892908,3882.1298810000003,3937.8898900000004
244,2020-12-18,3722.389893,3726.699951,3685.840088,3709.409912,0,Holding,0.0,0.0,624.2797830000004,42.68994100000009,666.9697240000005,11,19.162323747898867,1.3103715553458866,20.472695303244752,3882.1298810000003,3924.8198220000004
245,2020-12-21,3684.280029,3702.899902,3636.47998,3694.919922,1,Holding,0.0,0.0,624.2797830000004,28.199951000000056,652.4797340000005,12,19.162323747898867,0.865600016934851,20.027923764833716,3882.1298810000003,3910.3298320000004
246,2020-12-22,3698.080078,3698.26001,3676.159912,3687.26001,0,Holding,0.0,0.0,624.2797830000004,20.54003899999998,644.8198220000004,13,19.162323747898867,0.6304783333220134,19.792802081220877,3882.1298810000003,3902.6699200000003
247,2020-12-23,3693.419922,3711.23999,3689.280029,3690.01001,1,Holding,0.0,0.0,624.2797830000004,23.29003899999998,647.5698220000004,14,19.162323747898867,0.7148898291636493,19.877213577062513,3882.1298810000003,3905.4199200000003
248,2020-12-24,3694.030029,3703.820068,3689.320068,3703.060059,1,Holding,0.0,0.0,624.2797830000004,36.34008799999992,660.6198710000003,15,19.162323747898867,1.1154622498533364,20.2777859977522,3882.1298810000003,3918.469969
249,2020-12-28,3723.030029,3740.51001,3723.030029,3735.360107,0,Holding,0.0,0.0,624.2797830000004,68.64013599999998,692.9199190000004,16,19.162323747898867,2.1069151107393886,21.269238858638253,3882.1298810000003,3950.7700170000003
250,2020-12-29,3750.01001,3756.120117,3723.310059,3727.040039,1,Holding,0.0,0.0,624.2797830000004,60.32006799999999,684.5998510000004,17,19.162323747898867,1.8515298796906154,21.01385362758948,3882.1298810000003,3942.4499490000003
251,2020-12-30,3736.189941,3744.629883,3730.209961,3732.040039,1,Holding,0.0,0.0,624.2797830000004,65.32006799999999,689.5998510000004,18,19.162323747898867,2.0050053266754078,21.167329074574273,3882.1298810000003,3947.4499490000003
252,2020-12-31,3733.27002,3760.199951,3726.879883,3756.070068,1,Holding,0.0,0.0,624.2797830000004,89.350097,713.6298800000004,19,19.162323747898867,2.7426092150419135,21.90493296294078,3882.1298810000003,3971.4799780000003
253,2021-01-04,3764.610107,3769.98999,3662.709961,3700.649902,1,Holding,0.0,0.0,624.2797830000004,33.929931000000124,658.2097140000005,20,19.162323747898867,1.0414822652776372,20.2038060131765,3882.1298810000003,3916.0598120000004
254,2021-01-05,3698.02002,3737.830078,3695.070068,3726.860107,1,Holding,0.0,0.0,624.2797830000004,60.140135999999984,684.4199190000004,21,19.162323747898867,1.8460068508652414,21.008330598764104,3882.1298810000003,3942.2700170000003
255,2021-01-06,3712.199951,3783.040039,3705.340088,3748.139893,1,Holding,0.0,0.0,624.2797830000004,81.41992200000004,705.6997050000004,22,19.162323747898867,2.499191784483389,21.661515532382253,3882.1298810000003,3963.5498030000003
256,2021-01-07,3764.709961,3811.550049,3764.709961,3803.790039,1,Holding,0.0,0.0,624.2797830000004,137.070068,761.3498510000004,23,19.162323747898867,4.2073779909071805,23.369701738806047,3882.1298810000003,4019.1999490000003
257,2021-01-08,3815.050049,3826.689941,3783.600098,3824.679932,1,Holding,0.0,0.0,624.2797830000004,157.95996100000002,782.2397440000004,24,19.162323747898867,4.848595124035079,24.010918871933942,3882.1298810000003,4040.0898420000003
258,2021-01-11,3803.139893,3817.860107,3789.02002,3799.610107,0,Holding,0.0,0.0,624.2797830000004,132.89013599999998,757.1699190000004,25,19.162323747898867,4.0790746044939725,23.241398352392835,3882.1298810000003,4015.0200170000003
259,2021-01-12,3801.620117,3810.780029,3776.51001,3801.189941,1,Holding,0.0,0.0,624.2797830000004,134.4699700000001,758.7497530000005,26,19.162323747898867,4.127567750356331,23.289891498255194,3882.1298810000003,4016.5998510000004
260,2021-01-13,3802.22998,3820.959961,3791.5,3809.840088,0,Holding,0.0,0.0,624.2797830000004,143.12011699999994,767.3999000000003,27,19.162323747898867,4.393084785818157,23.555408533717024,3882.1298810000003,4025.2499980000002
261,2021-01-14,3814.97998,3823.600098,3792.860107,3795.540039,0,sell,122.01000900000008,3.3274973263563705,624.2797830000004,128.820068,753.0998510000004,0,19.162323747898867,3.954143503382272,23.116467251281136,3882.1298810000003,4010.9499490000003
262,2021-01-15,3788.72998,3788.72998,3749.620117,3768.25,0,No action,0.0,0.0,746.2897920000005,0.0,746.2897920000005,0,22.907431881477578,0.0,22.907431881477578,4004.1398900000004,4004.1398900000004
263,2021-01-19,3781.879883,3804.530029,3780.370117,3798.909912,0,No action,0.0,0.0,746.2897920000005,0.0,746.2897920000005,0,22.907431881477578,0.0,22.907431881477578,4004.1398900000004,4004.1398900000004
264,2021-01-20,3816.219971,3859.75,3816.219971,3851.850098,1,Buy,0.0,0.0,746.2897920000005,0.0,746.2897920000005,0,22.907431881477578,0.0,22.907431881477578,4004.1398900000004,4004.1398900000004
265,2021-01-21,3857.459961,3861.449951,3845.050049,3853.070068,1,Holding,0.0,0.0,746.2897920000005,1.219970000000103,747.5097620000006,1,22.907431881477578,0.03744708821161062,22.94487896968919,4004.1398900000004,4005.3598600000005
266,2021-01-22,3844.23999,3852.310059,3830.409912,3841.469971,1,Holding,0.0,0.0,746.2897920000005,-10.380126999999902,735.9096650000006,2,22.907431881477578,-0.3186189262167796,22.5888129552608,4004.1398900000004,3993.7597630000005
267,2021-01-25,3851.679932,3859.22998,3797.159912,3855.360107,0,Holding,0.0,0.0,746.2897920000005,3.510009000000082,749.7998010000006,3,22.907431881477578,0.10774004003913142,23.015171921516707,4004.1398900000004,4007.6498990000005
268,2021-01-26,3862.959961,3870.899902,3847.780029,3849.620117,0,sell,-15.020019999999931,-0.3899430044746235,746.2897920000005,-2.2299809999999525,744.0598110000005,0,22.907431881477578,-0.06844946614851745,22.83898241532906,4004.1398900000004,4001.9099090000004
269,2021-01-27,3836.830078,3836.830078,3732.47998,3750.77002,1,Buy,0.0,0.0,731.2697720000006,0.0,731.2697720000006,0,22.446391024833474,0.0,22.446391024833474,3989.1198700000004,3989.1198700000004
270,2021-01-28,3755.75,3830.5,3755.75,3787.379883,1,Holding,0.0,0.0,731.2697720000006,36.60986300000013,767.8796350000007,1,22.446391024833474,1.1237430175954073,23.570134042428883,3989.1198700000004,4025.7297330000006
271,2021-01-29,3778.050049,3778.050049,3694.120117,3714.23999,1,Holding,0.0,0.0,731.2697720000006,-36.5300299999999,694.7397420000007,2,22.446391024833474,-1.1212925365235726,21.3250984883099,3989.1198700000004,3952.5898400000005
272,2021-02-01,3731.169922,3784.320068,3725.620117,3773.860107,1,Holding,0.0,0.0,731.2697720000006,23.09008700000004,754.3598590000006,3,22.446391024833474,0.7087522846485504,23.155143309482025,3989.1198700000004,4012.2099570000005
273,2021-02-02,3791.840088,3843.090088,3791.840088,3826.310059,1,Holding,0.0,0.0,731.2697720000006,75.54003899999998,806.8098110000005,4,22.446391024833474,2.3187082501547307,24.765099274988206,3989.1198700000004,4064.6599090000004
274,2021-02-03,3840.27002,3847.51001,3816.679932,3830.169922,0,Holding,0.0,0.0,731.2697720000006,79.39990200000011,810.6696740000007,5,22.446391024833474,2.4371870899997474,24.88357811483322,3989.1198700000004,4068.5197720000006
275,2021-02-04,3836.659912,3872.419922,3836.659912,3871.73999,1,Holding,0.0,0.0,731.2697720000006,120.9699700000001,852.2397420000007,6,22.446391024833474,3.713184043497391,26.159575068330867,3989.1198700000004,4110.089840000001
276,2021-02-05,3878.300049,3894.560059,3874.929932,3886.830078,1,Holding,0.0,0.0,731.2697720000006,136.06005800000003,867.3298300000006,7,22.446391024833474,4.1763756436653585,26.622766668498834,3989.1198700000004,4125.1799280000005
277,2021-02-08,3892.590088,3915.77002,3892.590088,3915.590088,1,Holding,0.0,0.0,731.2697720000006,164.820068,896.0898400000005,8,22.446391024833474,5.059166721672778,27.505557746506256,3989.1198700000004,4153.939938
278,2021-02-09,3910.48999,3918.350098,3902.639893,3911.22998,1,Holding,0.0,0.0,731.2697720000006,160.45996000000014,891.7297320000007,9,22.446391024833474,4.925332816832388,27.37172384166586,3989.1198700000004,4149.579830000001
279,2021-02-10,3920.780029,3931.5,3884.939941,3909.879883,0,Holding,0.0,0.0,731.2697720000006,159.10986300000013,890.3796350000007,10,22.446391024833474,4.8838914687228225,27.330282493556297,3989.1198700000004,4148.229733
280,2021-02-11,3916.399902,3925.98999,3890.389893,3916.379883,0,sell,160.87988200000018,4.289249437906091,731.2697720000006,165.60986300000013,896.8796350000007,0,22.446391024833474,5.083409549803053,27.529800574636532,3989.1198700000004,4154.729733
281,2021-02-12,3911.649902,3937.22998,3905.780029,3934.830078,0,No action,0.0,0.0,892.1496540000007,0.0,892.1496540000007,0,27.384613384995614,0.0,27.384613384995614,4149.999752000001,4149.999752000001
282,2021-02-16,3939.610107,3950.429932,3923.850098,3932.590088,1,Buy,0.0,0.0,892.1496540000007,0.0,892.1496540000007,0,27.384613384995614,0.0,27.384613384995614,4149.999752000001,4149.999752000001
283,2021-02-17,3918.5,3933.610107,3900.429932,3931.330078,1,Holding,0.0,0.0,892.1496540000007,-1.2600099999999657,890.8896440000008,1,27.384613384995614,-0.03867611959106062,27.34593726540455,4149.999752000001,4148.739742000001
284,2021-02-18,3915.860107,3921.97998,3885.030029,3913.969971,1,Holding,0.0,0.0,892.1496540000007,-18.620116999999937,873.5295370000008,2,27.384613384995614,-0.5715461558968248,26.81306722909879,4149.999752000001,4131.379635000001
285,2021-02-19,3921.159912,3930.409912,3903.070068,3906.709961,1,Holding,0.0,0.0,892.1496540000007,-25.880126999999902,866.2695270000008,3,27.384613384995614,-0.7943928118696363,26.59022057312598,4149.999752000001,4124.119625000001
286,2021-02-22,3885.550049,3902.919922,3874.709961,3876.5,1,Holding,0.0,0.0,892.1496540000007,-56.09008799999992,836.0595660000008,4,27.384613384995614,-1.7216902654432666,25.66292311955235,4149.999752000001,4093.9096640000007
287,2021-02-23,3857.070068,3895.97998,3805.590088,3881.370117,1,Holding,0.0,0.0,892.1496540000007,-51.21997099999999,840.9296830000008,5,27.384613384995614,-1.5722015887546212,25.81241179624099,4149.999752000001,4098.779781000001
288,2021-02-24,3873.709961,3928.649902,3859.600098,3925.429932,1,Holding,0.0,0.0,892.1496540000007,-7.160155999999915,884.9894980000008,6,27.384613384995614,-0.21978162851616617,27.16483175647945,4149.999752000001,4142.839596000001
289,2021-02-25,3915.800049,3925.02002,3814.040039,3829.340088,1,Holding,0.0,0.0,892.1496540000007,-103.25,788.8996540000007,7,27.384613384995614,-3.1692679802359653,24.21534540475965,4149.999752000001,4046.7497520000006
290,2021-02-26,3839.659912,3861.080078,3789.540039,3811.149902,1,Holding,0.0,0.0,892.1496540000007,-121.44018599999981,770.7094680000009,8,27.384613384995614,-3.7276173656532623,23.65699601934235,4149.999752000001,4028.559566000001
291,2021-03-01,3842.51001,3914.5,3842.51001,3901.820068,1,Holding,0.0,0.0,892.1496540000007,-30.77001999999993,861.3796340000008,9,27.384613384995614,-0.9444885146461989,26.44012487034942,4149.999752000001,4119.229732000001
292,2021-03-02,3903.639893,3906.409912,3868.570068,3870.290039,1,Holding,0.0,0.0,892.1496540000007,-62.300048999999944,829.8496050000008,10,27.384613384995614,-1.9123055734898933,25.472307811505722,4149.999752000001,4087.6997030000007
293,2021-03-03,3863.98999,3874.469971,3818.860107,3819.719971,1,Holding,0.0,0.0,892.1496540000007,-112.87011699999994,779.2795370000008,11,27.384613384995614,-3.4645583315601627,23.92005505343545,4149.999752000001,4037.1296350000007
294,2021-03-04,3818.530029,3843.669922,3723.340088,3768.469971,1,Holding,0.0,0.0,892.1496540000007,-164.12011699999994,728.0295370000008,12,27.384613384995614,-5.037681663154286,22.34693172184133,4149.999752000001,3985.8796350000007
295,2021-03-05,3793.580078,3851.689941,3730.189941,3841.939941,1,Holding,0.0,0.0,892.1496540000007,-90.65014699999983,801.4995070000009,13,27.384613384995614,-2.782514366012424,24.602099018983193,4149.999752000001,4059.349605000001
296,2021-03-08,3844.389893,3881.060059,3819.25,3821.350098,1,Holding,0.0,0.0,892.1496540000007,-111.23999000000003,780.9096640000007,14,27.384613384995614,-3.4145214375667705,23.970091947428845,4149.999752000001,4038.7597620000006
297,2021-03-09,3851.929932,3903.76001,3851.929932,3875.439941,0,Holding,0.0,0.0,892.1496540000007,-57.15014699999983,834.9995070000009,15,27.384613384995614,-1.7542288712143144,25.6303845137813,4149.999752000001,4092.849605000001
298,2021-03-10,3891.98999,3917.350098,3885.72998,3898.810059,1,Holding,0.0,0.0,892.1496540000007,-33.78002900000001,858.3696250000007,16,27.384613384995614,-1.036881009986851,26.347732375008764,4149.999752000001,4116.219723
299,2021-03-11,3915.540039,3960.27002,3915.540039,3939.340088,1,Holding,0.0,0.0,892.1496540000007,6.75,898.8996540000007,17,27.384613384995614,0.20719185342946986,27.59180523842509,4149.999752000001,4156.749752000001
300,2021-03-12,3924.52002,3944.98999,3915.209961,3943.340088,1,Holding,0.0,0.0,892.1496540000007,10.75,902.8996540000007,18,27.384613384995614,0.32997221101730384,27.71458559601292,4149.999752000001,4160.749752000001
301,2021-03-15,3942.959961,3970.080078,3923.540039,3968.939941,1,Holding,0.0,0.0,892.1496540000007,36.34985300000017,928.4995070000009,19,27.384613384995614,1.1157619874013052,28.50037537239692,4149.999752000001,4186.349605000001
302,2021-03-16,3973.590088,3981.040039,3953.439941,3962.709961,1,Holding,0.0,0.0,892.1496540000007,30.119873000000098,922.2695270000008,20,27.384613384995614,0.9245321943600395,28.309145579355654,4149.999752000001,4180.119625000001
303,2021-03-17,3949.570068,3983.870117,3935.73999,3974.120117,0,Holding,0.0,0.0,892.1496540000007,41.53002900000001,933.6796830000008,21,27.384613384995614,1.2747679528132794,28.65938133780889,4149.999752000001,4191.529781000001
304,2021-03-18,3953.5,3969.620117,3910.860107,3915.459961,1,Holding,0.0,0.0,892.1496540000007,-17.130126999999902,875.0195270000008,22,27.384613384995614,-0.5258107796462494,26.858802605349364,4149.999752000001,4132.869625000001
305,2021-03-19,3913.139893,3930.120117,3886.75,3913.100098,1,Holding,0.0,0.0,892.1496540000007,-19.489990000000034,872.6596640000007,23,27.384613384995614,-0.5982469853958282,26.786366399599785,4149.999752000001,4130.509762000001
306,2021-03-22,3916.47998,3955.310059,3914.159912,3940.590088,0,Holding,0.0,0.0,892.1496540000007,8.0,900.1496540000007,24,27.384613384995614,0.245560715175668,27.630174100171285,4149.999752000001,4157.999752000001
307,2021-03-23,3937.600098,3949.129883,3901.570068,3910.52002,0,sell,-12.660155999999915,-0.3219292048421578,892.1496540000007,-22.070067999999992,870.0795860000007,0,27.384613384995614,-0.6774427102569528,26.707170674738663,4149.999752000001,4127.929684000001
308,2021-03-24,3919.929932,3942.080078,3889.070068,3889.139893,1,Buy,0.0,0.0,879.4894980000008,0.0,879.4894980000008,0,26.996008764796176,0.0,26.996008764796176,4137.339596000001,4137.339596000001
309,2021-03-25,3879.340088,3919.540039,3853.5,3909.52002,1,Holding,0.0,0.0,879.4894980000008,20.380126999999902,899.8696250000007,1,26.996008764796176,0.6255698201863646,27.621578584982544,4137.339596000001,4157.719723
310,2021-03-26,3917.120117,3978.189941,3917.120117,3974.540039,0,Holding,0.0,0.0,879.4894980000008,85.40014599999995,964.8896440000008,2,26.996008764796176,2.621365115983306,29.617373880779486,4137.339596000001,4222.739742000001
311,2021-03-29,3969.310059,3981.830078,3943.25,3971.090088,1,Holding,0.0,0.0,879.4894980000008,81.9501949999999,961.4396930000007,3,26.996008764796176,2.515468561623178,29.511477326419357,4137.339596000001,4219.289791000001
312,2021-03-30,3963.340088,3968.01001,3944.350098,3958.550049,1,Holding,0.0,0.0,879.4894980000008,69.41015599999992,948.8996540000007,4,26.996008764796176,2.1305509434768326,29.12655970827301,4137.339596000001,4206.749752000001
313,2021-03-31,3967.25,3994.409912,3966.97998,3972.889893,0,Holding,0.0,0.0,879.4894980000008,83.75,963.2394980000008,5,26.996008764796176,2.570713736995274,29.566722501791453,4137.339596000001,4221.089596000001
314,2021-04-01,3992.780029,4020.629883,3992.780029,4019.870117,0,sell,145.30004800000006,3.736045809550931,879.4894980000008,130.7302239999999,1010.2197220000007,0,26.996008764796176,4.012775912564407,31.008784677360584,4137.339596000001,4268.069820000001
315,2021-04-05,4034.439941,4083.419922,4034.439941,4077.909912,1,Buy,0.0,0.0,1024.7895460000009,0.0,1024.7895460000009,0,31.456006727538536,0.0,31.456006727538536,4282.639644000001,4282.639644000001
316,2021-04-06,4075.570068,4086.22998,4068.139893,4073.939941,1,Holding,0.0,0.0,1024.7895460000009,-3.969970999999987,1020.8195750000009,1,31.456006727538536,-0.12185861474833232,31.334148112790206,4282.639644000001,4278.669673
317,2021-04-07,4074.290039,4083.129883,4068.310059,4079.949951,1,Holding,0.0,0.0,1024.7895460000009,2.040038999999979,1026.8295850000009,2,31.456006727538536,0.06261917947828118,31.518625907016823,4282.639644000001,4284.679683
318,2021-04-08,4089.949951,4098.189941,4082.540039,4097.169922,1,Holding,0.0,0.0,1024.7895460000009,19.260009999999966,1044.0495560000008,3,31.456006727538536,0.5911877287363136,32.04719445627485,4282.639644000001,4301.899654000001
319,2021-04-09,4096.109863,4129.47998,4095.51001,4128.799805,1,Holding,0.0,0.0,1024.7895460000009,50.889892999999574,1075.6794390000005,4,31.456006727538536,1.5620698150366394,33.01807654257518,4282.639644000001,4333.529537
320,2021-04-12,4124.709961,4131.759766,4114.819824,4127.990234,1,Holding,0.0,0.0,1024.7895460000009,50.080321999999796,1074.8698680000007,5,31.456006727538536,1.5372199608184611,32.993226688357005,4282.639644000001,4332.719966000001
321,2021-04-13,4130.100098,4148.0,4124.430176,4141.589844,1,Holding,0.0,0.0,1024.7895460000009,63.67993200000001,1088.469478000001,6,31.456006727538536,1.9546612055322383,33.410667933070776,4282.639644000001,4346.319576000001
322,2021-04-14,4141.580078,4151.689941,4120.870117,4124.660156,1,Holding,0.0,0.0,1024.7895460000009,46.75024399999984,1071.5397900000007,7,31.456006727538536,1.4350029189096176,32.891009646448154,4282.639644000001,4329.389888000001
323,2021-04-15,4139.759766,4173.490234,4139.759766,4170.419922,1,Holding,0.0,0.0,1024.7895460000009,92.51000999999997,1117.2995560000008,8,31.456006727538536,2.8396030270635237,34.29560975460206,4282.639644000001,4375.149654000001
324,2021-04-16,4174.140137,4191.310059,4170.75,4185.470215,0,Holding,0.0,0.0,1024.7895460000009,107.5603030000002,1132.349849000001,9,31.456006727538536,3.3015731161489494,34.757579843687495,4282.639644000001,4390.199947000001
325,2021-04-19,4179.799805,4180.810059,4150.470215,4163.259766,1,Holding,0.0,0.0,1024.7895460000009,85.34985400000005,1110.139400000001,10,31.456006727538536,2.6198213985473573,34.0758281260859,4282.639644000001,4367.989498000001
326,2021-04-20,4159.180176,4159.180176,4118.379883,4134.939941,1,Holding,0.0,0.0,1024.7895460000009,57.03002899999956,1081.8195750000004,11,31.456006727538536,1.7505418384661222,33.20654856600466,4282.639644000001,4339.669673
327,2021-04-21,4128.419922,4175.02002,4126.350098,4173.419922,0,Holding,0.0,0.0,1024.7895460000009,95.51000999999997,1120.2995560000008,12,31.456006727538536,2.931688295254399,34.38769502279294,4282.639644000001,4378.149654000001
328,2021-04-22,4170.459961,4179.569824,4123.689941,4134.97998,1,Holding,0.0,0.0,1024.7895460000009,57.07006799999999,1081.8596140000009,13,31.456006727538536,1.7517708391505002,33.20777756668904,4282.639644000001,4339.709712000001
329,2021-04-23,4138.779785,4194.169922,4138.779785,4180.169922,1,Holding,0.0,0.0,1024.7895460000009,102.26000999999997,1127.0495560000008,14,31.456006727538536,3.1388801486838687,34.59488687622241,4282.639644000001,4384.899654000001
330,2021-04-26,4185.029785,4194.189941,4182.359863,4187.620117,0,Holding,0.0,0.0,1024.7895460000009,109.71020500000031,1134.4997510000012,15,31.456006727538536,3.367564550233653,34.82357127777219,4282.639644000001,4392.349849000001
331,2021-04-27,4188.25,4193.350098,4176.220215,4186.720215,1,Holding,0.0,0.0,1024.7895460000009,108.8103030000002,1133.599849000001,16,31.456006727538536,3.339941977895148,34.79594870543369,4282.639644000001,4391.449947000001
332,2021-04-28,4185.140137,4201.529785,4181.779785,4183.180176,0,Holding,0.0,0.0,1024.7895460000009,105.27026399999977,1130.0598100000007,17,31.456006727538536,3.231280164321415,34.687286891859955,4282.639644000001,4387.9099080000005
333,2021-04-29,4206.140137,4218.779785,4176.810059,4211.470215,1,Holding,0.0,0.0,1024.7895460000009,133.5603030000002,1158.349849000001,18,31.456006727538536,4.099645440469871,35.555652168008415,4282.639644000001,4416.199947000001
334,2021-04-30,4198.100098,4198.100098,4174.850098,4181.169922,1,Holding,0.0,0.0,1024.7895460000009,103.26000999999997,1128.0495560000008,19,31.456006727538536,3.1695752380808275,34.62558196561937,4282.639644000001,4385.899654000001
335,2021-05-03,4191.97998,4209.390137,4188.029785,4192.660156,0,Holding,0.0,0.0,1024.7895460000009,114.75024399999984,1139.5397900000007,20,31.456006727538536,3.522268997902796,34.978275725441335,4282.639644000001,4397.389888000001
336,2021-05-04,4179.040039,4179.040039,4128.589844,4164.660156,1,Holding,0.0,0.0,1024.7895460000009,86.75024399999984,1111.5397900000007,21,31.456006727538536,2.6628064947879575,34.1188132223265,4282.639644000001,4369.389888000001
337,2021-05-05,4177.060059,4187.720215,4160.939941,4167.589844,0,Holding,0.0,0.0,1024.7895460000009,89.67993200000001,1114.469478000001,22,31.456006727538536,2.7527335298531592,34.2087402573917,4282.639644000001,4372.319576000001
338,2021-05-06,4169.140137,4202.700195,4147.330078,4201.620117,1,Holding,0.0,0.0,1024.7895460000009,123.71020500000031,1148.4997510000012,23,31.456006727538536,3.7972958017910714,35.25330252932961,4282.639644000001,4406.349849000001
339,2021-05-07,4210.339844,4238.040039,4201.640137,4232.600098,1,Holding,0.0,0.0,1024.7895460000009,154.6901859999998,1179.4797320000007,24,31.456006727538536,4.748229088102132,36.20423581564067,4282.639644000001,4437.329830000001
340,2021-05-10,4228.290039,4236.390137,4188.129883,4188.430176,0,Holding,0.0,0.0,1024.7895460000009,110.52026399999977,1135.3098100000007,25,31.456006727538536,3.3924293836554473,34.84843611119398,4282.639644000001,4393.1599080000005
341,2021-05-11,4150.339844,4162.040039,4111.529785,4152.100098,0,sell,52.63989299999957,1.2908547303876676,1024.7895460000009,74.19018599999981,1098.9797320000007,0,31.456006727538536,2.2772743916469733,33.73328111918551,4282.639644000001,4356.829830000001
342,2021-05-12,4130.549805,4134.72998,4056.879883,4063.040039,1,Buy,0.0,0.0,1077.4294390000005,0.0,1077.4294390000005,0,33.07179294901986,0.0,33.07179294901986,4335.279537,4335.279537
343,2021-05-13,4074.98999,4131.580078,4074.98999,4112.5,1,Holding,0.0,0.0,1077.4294390000005,49.45996100000002,1126.8894000000005,1,33.07179294901986,1.5181779244650815,34.58997087348494,4335.279537,4384.739498000001
344,2021-05-14,4129.580078,4183.129883,4129.580078,4173.850098,0,Holding,0.0,0.0,1077.4294390000005,110.81005899999991,1188.2394980000004,2,33.07179294901986,3.401324667087243,36.473117616107096,4335.279537,4446.089596
345,2021-05-17,4169.919922,4171.919922,4142.689941,4163.290039,1,Holding,0.0,0.0,1077.4294390000005,100.25000000000045,1177.679439000001,3,33.07179294901986,3.0771827120451034,36.14897566106496,4335.279537,4435.529537
346,2021-05-18,4165.939941,4169.149902,4125.990234,4127.830078,1,Holding,0.0,0.0,1077.4294390000005,64.79003899999998,1142.2194780000004,4,33.07179294901986,1.988736039137427,35.06052898815729,4335.279537,4400.069576
347,2021-05-19,4098.450195,4116.930176,4061.409912,4115.680176,1,Holding,0.0,0.0,1077.4294390000005,52.64013699999987,1130.0695760000003,5,33.07179294901986,1.6157937110831386,34.687586660103,4335.279537,4387.919674000001
348,2021-05-20,4121.970215,4172.799805,4121.970215,4159.120117,1,Holding,0.0,0.0,1077.4294390000005,96.08007800000041,1173.5095170000009,6,33.07179294901986,2.949186583476758,36.02097953249662,4335.279537,4431.359615000001
349,2021-05-21,4168.609863,4188.720215,4151.720215,4155.859863,0,Holding,0.0,0.0,1077.4294390000005,92.8198239999997,1170.2492630000002,7,33.07179294901986,2.8491127954899444,35.9209057445098,4335.279537,4428.0993610000005
350,2021-05-24,4170.160156,4209.52002,4170.160156,4197.049805,0,sell,142.89990199999966,3.5170685158980204,1077.4294390000005,134.00976599999967,1211.4392050000001,0,33.07179294901986,4.113441747435479,37.18523469645534,4335.279537,4469.289303
351,2021-05-25,4205.939941,4213.419922,4182.52002,4188.129883,1,Buy,0.0,0.0,1220.329341,0.0,1220.329341,0,37.45811821572646,0.0,37.45811821572646,4478.179439,4478.179439
352,2021-05-26,4191.589844,4202.609863,4184.109863,4195.990234,0,Holding,0.0,0.0,1220.329341,7.860351000000264,1228.1896920000004,1,37.45811821572646,0.24127417663648024,37.69939239236294,4478.179439,4486.039790000001
353,2021-05-27,4201.939941,4213.379883,4197.779785,4200.879883,1,Holding,0.0,0.0,1220.329341,12.75,1233.079341,2,37.45811821572646,0.39136238981122085,37.84948060553768,4478.179439,4490.929439
354,2021-05-28,4210.77002,4218.359863,4203.569824,4204.109863,0,Holding,0.0,0.0,1220.329341,15.979980000000069,1236.3093210000002,3,37.45811821572646,0.49050691466161095,37.948625130388066,4478.179439,4494.159419
355,2021-06-01,4216.52002,4234.120117,4197.589844,4202.040039,0,sell,18.689941000000545,0.4462598229311062,1220.329341,13.910156000000825,1234.239497000001,0,37.45811821572646,0.426973481945664,37.88509169767212,4478.179439,4492.089595000001
356,2021-06-02,4206.819824,4217.370117,4198.27002,4208.120117,0,No action,0.0,0.0,1239.0192820000009,0.0,1239.0192820000009,0,38.03180762554536,0.0,38.03180762554536,4496.869380000001,4496.869380000001
357,2021-06-03,4191.430176,4204.390137,4167.930176,4192.850098,0,No action,0.0,0.0,1239.0192820000009,0.0,1239.0192820000009,0,38.03180762554536,0.0,38.03180762554536,4496.869380000001,4496.869380000001
358,2021-06-04,4206.049805,4233.450195,4206.049805,4229.890137,1,Buy,0.0,0.0,1239.0192820000009,0.0,1239.0192820000009,0,38.03180762554536,0.0,38.03180762554536,4496.869380000001,4496.869380000001
359,2021-06-07,4229.339844,4232.339844,4215.660156,4226.52002,1,Holding,0.0,0.0,1239.0192820000009,-3.3701170000003913,1235.6491650000005,1,38.03180762554536,-0.1034460425932216,37.928361582952135,4496.869380000001,4493.499263000001
360,2021-06-08,4233.810059,4236.740234,4208.410156,4227.259766,1,Holding,0.0,0.0,1239.0192820000009,-2.6303710000001956,1236.3889110000007,2,38.03180762554536,-0.08073947299217313,37.951068152553184,4496.869380000001,4494.239009000001
361,2021-06-09,4232.990234,4237.089844,4218.740234,4219.549805,1,Holding,0.0,0.0,1239.0192820000009,-10.340332000000672,1228.6789500000002,3,38.03180762554536,-0.3173974151342513,37.71441021041111,4496.869380000001,4486.529048
362,2021-06-10,4228.560059,4249.740234,4220.339844,4239.180176,1,Holding,0.0,0.0,1239.0192820000009,9.290038999999524,1248.3093210000004,4,38.03180762554536,0.2851585776062163,38.31696620315157,4496.869380000001,4506.1594190000005
363,2021-06-11,4242.899902,4248.379883,4232.25,4247.439941,1,Holding,0.0,0.0,1239.0192820000009,17.549803999999313,1256.5690860000002,5,38.03180762554536,0.5386928026790787,38.570500428224435,4496.869380000001,4514.419184
364,2021-06-14,4248.310059,4255.589844,4234.069824,4255.149902,1,Holding,0.0,0.0,1239.0192820000009,25.25976499999979,1264.2790470000007,6,38.03180762554536,0.775350744821157,38.807158370366515,4496.869380000001,4522.129145000001
365,2021-06-15,4255.279785,4257.160156,4238.350098,4246.589844,0,Holding,0.0,0.0,1239.0192820000009,16.699706999999762,1255.7189890000006,7,38.03180762554536,0.5125989992680063,38.54440662481336,4496.869380000001,4513.569087000001
366,2021-06-16,4248.870117,4251.890137,4202.450195,4223.700195,1,Holding,0.0,0.0,1239.0192820000009,-6.189941999999974,1232.829340000001,8,38.03180762554536,-0.19000082305198726,37.84180680249337,4496.869380000001,4490.679438000001
367,2021-06-17,4220.370117,4232.290039,4196.049805,4221.859863,1,Holding,0.0,0.0,1239.0192820000009,-8.030274000000645,1230.9890080000002,9,38.03180762554536,-0.24648997831209132,37.78531764723327,4496.869380000001,4488.839106
368,2021-06-18,4204.779785,4204.779785,4164.399902,4166.450195,0,Holding,0.0,0.0,1239.0192820000009,-63.439941999999974,1175.579340000001,10,38.03180762554536,-1.9472946910278615,36.0845129345175,4496.869380000001,4433.429438000001
369,2021-06-21,4173.399902,4226.240234,4173.399902,4224.790039,1,Holding,0.0,0.0,1239.0192820000009,-5.100097999999889,1233.919184000001,11,38.03180762554536,-0.15654796404324584,37.87525966150211,4496.869380000001,4491.769282000001
370,2021-06-22,4224.609863,4255.839844,4217.27002,4246.439941,1,Holding,0.0,0.0,1239.0192820000009,16.549803999999313,1255.5690860000002,12,38.03180762554536,0.5079977132821202,38.53980533882748,4496.869380000001,4513.419184
371,2021-06-23,4249.27002,4256.600098,4241.430176,4241.839844,0,Holding,0.0,0.0,1239.0192820000009,11.949706999999762,1250.9689890000006,13,38.03180762554536,0.3667973246324534,38.39860495017781,4496.869380000001,4508.819087000001
372,2021-06-24,4256.970215,4271.279785,4256.970215,4266.490234,1,Holding,0.0,0.0,1239.0192820000009,36.60009699999955,1275.6193790000004,14,38.03180762554536,1.1234432493523387,39.155250874897696,4496.869380000001,4533.469477000001
373,2021-06-25,4274.450195,4286.120117,4271.160156,4280.700195,1,Holding,0.0,0.0,1239.0192820000009,50.810058000000026,1289.829340000001,15,38.03180762554536,1.5596192725746472,39.591426898120005,4496.869380000001,4547.679438000001
374,2021-06-28,4284.899902,4292.140137,4274.669922,4290.609863,0,Holding,0.0,0.0,1239.0192820000009,60.719725999999355,1299.7390080000002,16,38.03180762554536,1.8637974177288055,39.89560504327416,4496.869380000001,4557.589106
375,2021-06-29,4293.209961,4300.52002,4287.040039,4291.799805,0,sell,60.75976499999979,1.436438371496167,1239.0192820000009,61.90966799999933,1300.9289500000002,0,38.03180762554536,1.9003227937960003,39.93213041934136,4496.869380000001,4558.779048
376,2021-06-30,4290.649902,4302.430176,4287.959961,4297.5,0,No action,0.0,0.0,1299.7790470000004,0.0,1299.7790470000004,0,39.896834043958535,0.0,39.896834043958535,4557.629145000001,4557.629145000001
377,2021-07-01,4300.72998,4320.660156,4300.72998,4319.939941,1,Buy,0.0,0.0,1299.7790470000004,0.0,1299.7790470000004,0,39.896834043958535,0.0,39.896834043958535,4557.629145000001,4557.629145000001
378,2021-07-02,4326.600098,4355.430176,4326.600098,4352.339844,1,Holding,0.0,0.0,1299.7790470000004,32.39990300000045,1332.178950000001,1,39.896834043958535,0.9945179190377975,40.89135196299633,4557.629145000001,4590.029048
379,2021-07-06,4356.459961,4356.459961,4314.370117,4343.540039,1,Holding,0.0,0.0,1299.7790470000004,23.6000980000008,1323.3791450000012,2,39.896834043958535,0.724407117887006,40.62124116184554,4557.629145000001,4581.229243000002
380,2021-07-07,4351.009766,4361.879883,4329.790039,4358.129883,1,Holding,0.0,0.0,1299.7790470000004,38.189941999999974,1337.9689890000004,3,39.896834043958535,1.1722436837546593,41.06907772771319,4557.629145000001,4595.819087
381,2021-07-08,4321.069824,4330.879883,4289.370117,4320.819824,1,Holding,0.0,0.0,1299.7790470000004,0.8798830000005182,1300.658930000001,4,39.896834043958535,0.02700808734387994,39.923842131302415,4557.629145000001,4558.509028
382,2021-07-09,4329.379883,4371.600098,4329.379883,4369.549805,1,Holding,0.0,0.0,1299.7790470000004,49.609864000000016,1349.3889110000005,5,39.896834043958535,1.5227792104509534,41.41961325440949,4557.629145000001,4607.239009000001
383,2021-07-12,4372.410156,4386.680176,4364.029785,4384.629883,0,Holding,0.0,0.0,1299.7790470000004,64.68994199999997,1364.4689890000004,6,39.896834043958535,1.9856635527740596,41.88249759673259,4557.629145000001,4622.319087
384,2021-07-13,4381.069824,4392.370117,4366.919922,4369.209961,1,Holding,0.0,0.0,1299.7790470000004,49.27001999999993,1349.0490670000004,7,39.896834043958535,1.5123476684899309,41.409181712448465,4557.629145000001,4606.899165000001
385,2021-07-14,4380.109863,4393.680176,4362.359863,4374.299805,1,Holding,0.0,0.0,1299.7790470000004,54.359864000000016,1354.1389110000005,8,39.896834043958535,1.6685808850865065,41.56541492904504,4557.629145000001,4611.989009000001
386,2021-07-15,4369.02002,4369.02002,4340.700195,4360.029785,1,Holding,0.0,0.0,1299.7790470000004,40.089844000000085,1339.8688910000005,9,39.896834043958535,1.2305613454901227,41.12739538944866,4557.629145000001,4597.718989000001
387,2021-07-16,4367.430176,4375.089844,4322.529785,4327.160156,1,Holding,0.0,0.0,1299.7790470000004,7.22021500000028,1306.9992620000007,10,39.896834043958535,0.2216251448902693,40.1184591888488,4557.629145000001,4564.84936
388,2021-07-19,4296.399902,4296.399902,4233.129883,4258.490234,1,Holding,0.0,0.0,1299.7790470000004,-61.44970699999976,1238.3293400000007,11,39.896834043958535,-1.886204249781899,38.01062979417664,4557.629145000001,4496.179438000001
389,2021-07-20,4265.109863,4336.839844,4262.049805,4323.060059,1,Holding,0.0,0.0,1299.7790470000004,3.12011800000073,1302.8991650000012,12,39.896834043958535,0.09577230093908176,39.99260634489762,4557.629145000001,4560.7492630000015
390,2021-07-21,4331.129883,4359.700195,4331.129883,4358.689941,1,Holding,0.0,0.0,1299.7790470000004,38.75,1338.5290470000004,13,39.896834043958535,1.1894347141321417,41.086268758090675,4557.629145000001,4596.379145000001
391,2021-07-22,4361.27002,4369.870117,4350.060059,4367.47998,1,Holding,0.0,0.0,1299.7790470000004,47.540039000000434,1347.3190860000009,14,39.896834043958535,1.4592457470399067,41.35607979099844,4557.629145000001,4605.169184
392,2021-07-23,4381.200195,4415.180176,4381.200195,4411.790039,1,Holding,0.0,0.0,1299.7790470000004,91.8500980000008,1391.6291450000012,15,39.896834043958535,2.8193469692294233,42.716181013187956,4557.629145000001,4649.479243000002
393,2021-07-26,4409.580078,4422.72998,4405.450195,4422.299805,1,Holding,0.0,0.0,1299.7790470000004,102.35986400000002,1402.1389110000005,16,39.896834043958535,3.141945176140514,43.03877922009905,4557.629145000001,4659.989009000001
394,2021-07-27,4416.379883,4416.379883,4372.509766,4401.459961,1,Holding,0.0,0.0,1299.7790470000004,81.52001999999993,1381.2990670000004,17,39.896834043958535,2.5022643015418424,42.39909834550038,4557.629145000001,4639.149165000001
395,2021-07-28,4402.950195,4415.470215,4387.009766,4400.640137,0,Holding,0.0,0.0,1299.7790470000004,80.70019600000069,1380.4792430000011,18,39.896834043958535,2.477099730572094,42.373933774530634,4557.629145000001,4638.329341000001
396,2021-07-29,4403.589844,4429.970215,4403.589844,4419.149902,1,Holding,0.0,0.0,1299.7790470000004,99.20996100000048,1398.989008000001,19,39.896834043958535,3.045258621963781,42.94209266592232,4557.629145000001,4656.839106000001
397,2021-07-30,4395.120117,4412.25,4389.649902,4395.259766,1,Holding,0.0,0.0,1299.7790470000004,75.31982500000049,1375.098872000001,20,39.896834043958535,2.3119487617382846,42.20878280569682,4557.629145000001,4632.948970000001
398,2021-08-02,4406.859863,4422.180176,4384.810059,4387.160156,1,Holding,0.0,0.0,1299.7790470000004,67.22021500000028,1366.9992620000007,21,39.896834043958535,2.063330508707779,41.96016455266631,4557.629145000001,4624.84936
399,2021-08-03,4392.740234,4423.790039,4373.0,4423.149902,1,Holding,0.0,0.0,1299.7790470000004,103.20996100000048,1402.989008000001,22,39.896834043958535,3.168038979551615,43.064873023510145,4557.629145000001,4660.839106000001
400,2021-08-04,4415.950195,4416.169922,4400.22998,4402.660156,1,Holding,0.0,0.0,1299.7790470000004,82.72021500000028,1382.4992620000007,23,39.896834043958535,2.5391043943606357,42.43593843831917,4557.629145000001,4640.34936
401,2021-08-05,4408.859863,4429.759766,4408.859863,4429.100098,0,Holding,0.0,0.0,1299.7790470000004,109.16015700000025,1408.9392040000007,24,39.896834043958535,3.350680777701033,43.247514821659564,4557.629145000001,4666.789302000001
402,2021-08-06,4429.069824,4440.819824,4429.069824,4436.52002,1,Holding,0.0,0.0,1299.7790470000004,116.5800790000003,1416.3591260000007,25,39.896834043958535,3.5784359468094933,43.47526999076803,4557.629145000001,4674.209224
403,2021-08-09,4437.77002,4439.390137,4424.740234,4432.350098,0,Holding,0.0,0.0,1299.7790470000004,112.41015700000025,1412.1892040000007,26,39.896834043958535,3.450439818241148,43.34727386219968,4557.629145000001,4670.039302000001
404,2021-08-10,4435.790039,4445.209961,4430.029785,4436.75,1,Holding,0.0,0.0,1299.7790470000004,116.81005900000036,1416.5891060000008,27,39.896834043958535,3.5854952034690077,43.48232924742754,4557.629145000001,4674.439204
405,2021-08-11,4442.180176,4449.439941,4436.419922,4442.410156,0,Holding,0.0,0.0,1299.7790470000004,122.47021500000028,1422.2492620000007,28,39.896834043958535,3.759234197889736,43.656068241848274,4557.629145000001,4680.09936
406,2021-08-12,4446.080078,4461.77002,4435.959961,4460.830078,0,sell,144.89990300000045,3.354211053370764,1299.7790470000004,140.89013700000032,1440.6691840000008,0,39.896834043958535,4.324635350364741,44.22146939432328,4557.629145000001,4698.519282000001
407,2021-08-13,4464.839844,4468.370117,4460.819824,4468.0,0,No action,0.0,0.0,1444.678950000001,0.0,1444.678950000001,0,44.34454952015416,0.0,44.34454952015416,4702.529048,4702.529048
408,2021-08-16,4461.649902,4480.259766,4437.660156,4479.709961,1,Buy,0.0,0.0,1444.678950000001,0.0,1444.678950000001,0,44.34454952015416,0.0,44.34454952015416,4702.529048,4702.529048
409,2021-08-17,4462.120117,4462.120117,4417.830078,4448.080078,1,Holding,0.0,0.0,1444.678950000001,-31.62988299999961,1413.0490670000013,1,44.34454952015416,-0.9708820863003259,43.37366743385383,4702.529048,4670.899165000001
410,2021-08-18,4440.939941,4454.319824,4397.589844,4400.27002,1,Holding,0.0,0.0,1444.678950000001,-79.43994099999964,1365.2390090000013,2,44.34454952015416,-2.4384160906840977,41.90613342947007,4702.529048,4623.089107000002
411,2021-08-19,4382.439941,4418.609863,4367.72998,4405.799805,1,Holding,0.0,0.0,1444.678950000001,-73.91015599999992,1370.768794000001,3,44.34454952015416,-2.268678845763146,42.07587067439102,4702.529048,4628.618892
412,2021-08-20,4410.560059,4444.350098,4406.799805,4441.669922,1,Holding,0.0,0.0,1444.678950000001,-38.040038999999524,1406.6389110000014,4,44.34454952015416,-1.167642397768773,43.17690712238539,4702.529048,4664.489009000001
413,2021-08-23,4450.290039,4489.879883,4450.290039,4479.529785,0,Holding,0.0,0.0,1444.678950000001,-0.18017599999984668,1444.498774000001,5,44.34454952015416,-0.005530518427181688,44.33901900172698,4702.529048,4702.3488720000005
414,2021-08-24,4484.399902,4492.810059,4482.279785,4486.22998,0,sell,10.740234000000784,0.239752887876769,1444.678950000001,6.520019000000502,1451.1989690000014,0,44.34454952015416,0.20013256607488336,44.544682086229045,4702.529048,4709.049067000002
415,2021-08-25,4490.450195,4501.709961,4485.660156,4496.189941,0,No action,0.0,0.0,1455.4191840000017,0.0,1455.4191840000017,0,44.67422196292844,0.0,44.67422196292844,4713.269282000001,4713.269282000001
416,2021-08-26,4493.75,4495.899902,4468.990234,4470.0,0,No action,0.0,0.0,1455.4191840000017,0.0,1455.4191840000017,0,44.67422196292844,0.0,44.67422196292844,4713.269282000001,4713.269282000001
417,2021-08-27,4474.100098,4513.330078,4474.100098,4509.370117,1,Buy,0.0,0.0,1455.4191840000017,0.0,1455.4191840000017,0,44.67422196292844,0.0,44.67422196292844,4713.269282000001,4713.269282000001
418,2021-08-30,4513.759766,4537.359863,4513.759766,4528.790039,0,Holding,0.0,0.0,1455.4191840000017,19.419922000000042,1474.8391060000017,1,44.67422196292844,0.5960962418719623,45.270318204800404,4713.269282000001,4732.689204000002
419,2021-08-31,4529.75,4531.390137,4515.799805,4522.680176,0,sell,19.42968799999926,0.4308736585349412,1455.4191840000017,13.310058999999455,1468.7292430000011,0,44.67422196292844,0.4085534508837753,45.082775413812215,4713.269282000001,4726.579341000001
420,2021-09-01,4528.799805,4537.109863,4522.02002,4524.089844,1,Buy,0.0,0.0,1474.848872000001,0.0,1474.848872000001,0,45.27061797304343,0.0,45.27061797304343,4732.698970000001,4732.698970000001
421,2021-09-02,4534.47998,4545.850098,4524.660156,4536.950195,1,Holding,0.0,0.0,1474.848872000001,12.860351000000264,1487.7092230000012,1,45.27061797304343,0.39474962362127275,45.6653675966647,4732.698970000001,4745.559321000001
422,2021-09-03,4532.419922,4541.450195,4521.299805,4535.430176,1,Holding,0.0,0.0,1474.848872000001,11.340331999999762,1486.1892040000007,2,45.27061797304343,0.34809250453118185,45.61871047757461,4732.698970000001,4744.039302000001
423,2021-09-07,4535.379883,4535.379883,4513.0,4520.029785,0,Holding,0.0,0.0,1474.848872000001,-4.060059000000365,1470.7888130000006,3,45.27061797304343,-0.12462387396193711,45.14599409908149,4732.698970000001,4728.638911
424,2021-09-08,4518.089844,4521.790039,4493.950195,4514.069824,1,Holding,0.0,0.0,1474.848872000001,-10.020019999999931,1464.828852000001,4,45.27061797304343,-0.30756540965931,44.96305256338412,4732.698970000001,4722.678950000001
425,2021-09-09,4513.02002,4529.899902,4492.069824,4493.279785,1,Holding,0.0,0.0,1474.848872000001,-30.810059000000365,1444.0388130000006,5,45.27061797304343,-0.9457175153305769,44.32490045771285,4732.698970000001,4701.888911
426,2021-09-10,4506.919922,4520.470215,4457.660156,4458.580078,0,Holding,0.0,0.0,1474.848872000001,-65.50976600000013,1409.3391060000008,6,45.27061797304343,-2.010828123743836,43.259789849299594,4732.698970000001,4667.189204
427,2021-09-13,4474.810059,4492.990234,4445.700195,4468.72998,0,sell,-44.75976600000013,-0.9893650997970792,1474.848872000001,-55.359864000000016,1419.489008000001,0,45.27061797304343,-1.699275974483465,43.571341998559966,4732.698970000001,4677.339106000001
428,2021-09-14,4479.330078,4485.680176,4435.459961,4443.049805,0,No action,0.0,0.0,1430.0891060000008,0.0,1430.0891060000008,0,43.896712954286485,0.0,43.896712954286485,4687.939204,4687.939204
429,2021-09-15,4447.490234,4486.870117,4438.370117,4480.700195,0,No action,0.0,0.0,1430.0891060000008,0.0,1430.0891060000008,0,43.896712954286485,0.0,43.896712954286485,4687.939204,4687.939204
430,2021-09-16,4477.089844,4485.870117,4443.799805,4473.75,1,Buy,0.0,0.0,1430.0891060000008,0.0,1430.0891060000008,0,43.896712954286485,0.0,43.896712954286485,4687.939204,4687.939204
431,2021-09-17,4469.740234,4471.52002,4427.759766,4432.990234,1,Holding,0.0,0.0,1430.0891060000008,-40.75976600000013,1389.3293400000007,1,43.896712954286485,-1.2511246611691134,42.64558829311737,4687.939204,4647.179438000001
432,2021-09-20,4402.950195,4402.950195,4305.910156,4357.72998,1,Holding,0.0,0.0,1430.0891060000008,-116.02001999999993,1314.0690860000009,2,43.896712954286485,-3.5612448857369103,40.335468068549574,4687.939204,4571.919184
433,2021-09-21,4374.450195,4394.870117,4347.959961,4354.189941,1,Holding,0.0,0.0,1430.0891060000008,-119.56005900000036,1310.5290470000004,3,43.896712954286485,-3.669906699310644,40.22680625497584,4687.939204,4568.379145000001
434,2021-09-22,4367.430176,4416.75,4367.430176,4395.640137,1,Holding,0.0,0.0,1430.0891060000008,-78.10986299999968,1351.9792430000011,4,43.896712954286485,-2.397589227569171,41.499123726717315,4687.939204,4609.829341000001
435,2021-09-23,4406.75,4465.399902,4406.75,4448.97998,1,Holding,0.0,0.0,1430.0891060000008,-24.77001999999993,1405.3190860000009,5,43.896712954286485,-0.7603179782644478,43.13639497602203,4687.939204,4663.169184
436,2021-09-24,4438.040039,4463.120117,4430.27002,4455.47998,0,Holding,0.0,0.0,1430.0891060000008,-18.27001999999993,1411.8190860000009,6,43.896712954286485,-0.5607998971842175,43.33591305710227,4687.939204,4669.669184
437,2021-09-27,4442.120117,4457.299805,4436.189941,4443.109863,0,sell,-54.209960999999566,-1.2117342497904346,1430.0891060000008,-30.640137000000323,1399.4489690000005,0,43.896712954286485,-0.9405017443500656,42.95621120993642,4687.939204,4657.299067
438,2021-09-28,4419.540039,4419.540039,4346.330078,4352.629883,0,No action,0.0,0.0,1375.8791450000012,0.0,1375.8791450000012,0,42.232733355185864,0.0,42.232733355185864,4633.729243000002,4633.729243000002
439,2021-09-29,4362.410156,4385.569824,4355.080078,4359.459961,0,No action,0.0,0.0,1375.8791450000012,0.0,1375.8791450000012,0,42.232733355185864,0.0,42.232733355185864,4633.729243000002,4633.729243000002
440,2021-09-30,4370.669922,4382.549805,4306.240234,4307.540039,1,Buy,0.0,0.0,1375.8791450000012,0.0,1375.8791450000012,0,42.232733355185864,0.0,42.232733355185864,4633.729243000002,4633.729243000002
441,2021-10-01,4317.160156,4375.189941,4288.52002,4357.040039,0,Holding,0.0,0.0,1375.8791450000012,49.5,1425.3791450000012,1,42.232733355185864,1.5194069251494458,43.752140280335304,4633.729243000002,4683.229243000002
442,2021-10-04,4348.839844,4355.509766,4278.939941,4300.459961,0,sell,2.3300779999999577,0.054093008513065,1375.8791450000012,-7.080078000000867,1368.7990670000004,0,42.232733355185864,-0.21732362714746573,42.01540972803839,4633.729243000002,4626.649165000001
443,2021-10-05,4309.870117,4369.22998,4309.870117,4345.720215,1,Buy,0.0,0.0,1378.2092230000012,0.0,1378.2092230000012,0,42.304255307697744,0.0,42.304255307697744,4636.059321000001,4636.059321000001
444,2021-10-06,4319.569824,4365.569824,4290.490234,4363.549805,1,Holding,0.0,0.0,1378.2092230000012,17.82958999999937,1396.0388130000006,1,42.304255307697744,0.547280858961098,42.851536166658846,4636.059321000001,4653.888911
445,2021-10-07,4383.72998,4429.970215,4383.72998,4399.759766,1,Holding,0.0,0.0,1378.2092230000012,54.03955099999985,1432.248774000001,2,42.304255307697744,1.6587488489164932,43.96300415661424,4636.059321000001,4690.0988720000005
446,2021-10-08,4406.509766,4412.02002,4386.220215,4391.339844,1,Holding,0.0,0.0,1378.2092230000012,45.619628999999804,1423.828852000001,3,42.304255307697744,1.4002985904110743,43.70455389810882,4636.059321000001,4681.678950000001
447,2021-10-11,4385.439941,4415.879883,4360.589844,4361.189941,0,Holding,0.0,0.0,1378.2092230000012,15.469725999999355,1393.6789490000006,4,42.304255307697744,0.4748446225164334,42.77909993021418,4636.059321000001,4651.529047
448,2021-10-12,4368.310059,4374.890137,4342.089844,4350.649902,1,Holding,0.0,0.0,1378.2092230000012,4.929686999999831,1383.138910000001,5,42.304255307697744,0.15131718316401893,42.45557249086176,4636.059321000001,4640.9890080000005
449,2021-10-13,4358.009766,4372.870117,4329.919922,4363.799805,1,Holding,0.0,0.0,1378.2092230000012,18.07958999999937,1396.2888130000006,6,42.304255307697744,0.5549546313103375,42.85920993900809,4636.059321000001,4654.138911
450,2021-10-14,4386.75,4439.72998,4386.75,4438.259766,1,Holding,0.0,0.0,1378.2092230000012,92.53955099999985,1470.748774000001,7,42.304255307697744,2.8405097906993957,45.144765098397144,4636.059321000001,4728.5988720000005
451,2021-10-15,4447.689941,4475.819824,4447.689941,4471.370117,1,Holding,0.0,0.0,1378.2092230000012,125.64990200000011,1503.8591250000013,8,42.304255307697744,3.8568349746090775,46.16109028230683,4636.059321000001,4761.709223000002
452,2021-10-18,4463.720215,4488.75,4447.470215,4486.459961,0,Holding,0.0,0.0,1378.2092230000012,140.7397459999993,1518.9489690000005,9,42.304255307697744,4.32001908517521,46.624274392872955,4636.059321000001,4776.799067
453,2021-10-19,4497.339844,4520.399902,4496.410156,4519.629883,1,Holding,0.0,0.0,1378.2092230000012,173.90966799999933,1552.1188910000005,10,42.304255307697744,5.338172806255352,47.6424281139531,4636.059321000001,4809.968989000001
454,2021-10-20,4524.419922,4540.870117,4524.399902,4536.189941,1,Holding,0.0,0.0,1378.2092230000012,190.46972599999935,1568.6789490000006,11,42.304255307697744,5.846485266984171,48.15074057468192,4636.059321000001,4826.529047
455,2021-10-21,4532.240234,4551.439941,4526.890137,4549.779785,1,Holding,0.0,0.0,1378.2092230000012,204.05956999999944,1582.2687930000006,12,42.304255307697744,6.263626743454894,48.56788205115264,4636.059321000001,4840.118891
456,2021-10-22,4546.120117,4559.669922,4524.0,4544.899902,1,Holding,0.0,0.0,1378.2092230000012,199.17968699999983,1577.388910000001,13,42.304255307697744,6.113838298523207,48.41809360622095,4636.059321000001,4835.2390080000005
457,2021-10-25,4553.689941,4572.620117,4537.359863,4566.47998,1,Holding,0.0,0.0,1378.2092230000012,220.7597649999998,1598.968988000001,14,42.304255307697744,6.776240721926544,49.080496029624285,4636.059321000001,4856.819086000001
458,2021-10-26,4578.689941,4598.529785,4569.169922,4574.790039,1,Holding,0.0,0.0,1378.2092230000012,229.06982400000015,1607.2790470000014,15,42.304255307697744,7.031318725825554,49.3355740335233,4636.059321000001,4865.129145000001
459,2021-10-27,4580.220215,4584.569824,4551.660156,4551.680176,1,Holding,0.0,0.0,1378.2092230000012,205.95996099999957,1584.1691840000008,16,42.304255307697744,6.321959415089072,48.62621472278682,4636.059321000001,4842.019282000001
460,2021-10-28,4562.839844,4597.549805,4562.839844,4596.419922,1,Holding,0.0,0.0,1378.2092230000012,250.69970699999976,1628.908930000001,17,42.304255307697744,7.695249918156295,49.999505225854044,4636.059321000001,4886.759028
461,2021-10-29,4572.870117,4608.080078,4567.589844,4605.379883,1,Holding,0.0,0.0,1378.2092230000012,259.65966799999933,1637.8688910000005,18,42.304255307697744,7.970276722044543,50.27453202974229,4636.059321000001,4895.718989000001
462,2021-11-01,4610.620117,4620.339844,4595.060059,4613.669922,1,Holding,0.0,0.0,1378.2092230000012,267.94970699999976,1646.158930000001,19,42.304255307697744,8.22474021025383,50.52899551795158,4636.059321000001,4904.009028
463,2021-11-02,4613.339844,4635.149902,4613.339844,4630.649902,1,Holding,0.0,0.0,1378.2092230000012,284.92968699999983,1663.138910000001,20,42.304255307697744,8.745942214312398,51.050197522010144,4636.059321000001,4920.9890080000005
464,2021-11-03,4630.649902,4663.459961,4621.189941,4660.569824,1,Holding,0.0,0.0,1378.2092230000012,314.8496089999999,1693.058832000001,21,42.304255307697744,9.664336894852426,51.96859220255017,4636.059321000001,4950.908930000001
465,2021-11-04,4662.930176,4683.0,4662.589844,4680.060059,1,Holding,0.0,0.0,1378.2092230000012,334.3398440000001,1712.5490670000013,22,42.304255307697744,10.26259140054516,52.566846708242906,4636.059321000001,4970.399165000001
466,2021-11-05,4699.259766,4718.5,4681.319824,4697.529785,1,Holding,0.0,0.0,1378.2092230000012,351.80956999999944,1730.0187930000006,23,42.304255307697744,10.798826201855512,53.10308150955326,4636.059321000001,4987.868891
467,2021-11-08,4701.47998,4714.919922,4694.390137,4701.700195,0,Holding,0.0,0.0,1378.2092230000012,355.97998000000007,1734.1892030000013,24,42.304255307697744,10.9268373096275,53.231092617325245,4636.059321000001,4992.039301000001
468,2021-11-09,4707.25,4708.529785,4670.870117,4685.25,0,sell,324.53955099999985,7.46802681589569,1378.2092230000012,339.5297849999997,1717.739008000001,0,42.304255307697744,10.42189710350509,52.72615241120283,4636.059321000001,4975.589106000001
469,2021-11-10,4670.259766,4684.850098,4630.859863,4646.709961,1,Buy,0.0,0.0,1702.748774000001,0.0,1702.748774000001,0,52.266025838491515,0.0,52.266025838491515,4960.5988720000005,4960.5988720000005
470,2021-11-11,4659.390137,4664.549805,4648.310059,4649.27002,1,Holding,0.0,0.0,1702.748774000001,2.560059000000365,1705.3088330000014,1,52.266025838491515,0.07858123986649938,52.34460707835802,4960.5988720000005,4963.158931000002
471,2021-11-12,4655.240234,4688.470215,4650.77002,4682.850098,1,Holding,0.0,0.0,1702.748774000001,36.14013700000032,1738.8889110000014,2,52.266025838491515,1.1093247360333374,53.37535057452485,4960.5988720000005,4996.739009000001
472,2021-11-15,4689.299805,4697.419922,4672.859863,4682.799805,1,Holding,0.0,0.0,1702.748774000001,36.089844000000085,1738.8386180000011,3,52.266025838491515,1.1077809879022888,53.373806826393796,4960.5988720000005,4996.688716000001
473,2021-11-16,4679.419922,4714.950195,4679.419922,4700.899902,1,Holding,0.0,0.0,1702.748774000001,54.189941000000545,1756.9387150000016,4,52.266025838491515,1.6633650834109233,53.929390921902446,4960.5988720000005,5014.788813000001
474,2021-11-17,4701.5,4701.5,4684.410156,4688.669922,1,Holding,0.0,0.0,1702.748774000001,41.959961000000476,1744.7087350000015,5,52.266025838491515,1.2879647539879069,53.553990592479416,4960.5988720000005,5002.558833000001
475,2021-11-18,4700.720215,4708.799805,4672.779785,4704.540039,1,Holding,0.0,0.0,1702.748774000001,57.83007800000087,1760.578852000002,6,52.266025838491515,1.7750994140431096,54.04112525253463,4960.5988720000005,5018.428950000001
476,2021-11-19,4708.439941,4717.75,4694.220215,4697.959961,1,Holding,0.0,0.0,1702.748774000001,51.25,1753.998774000001,7,52.266025838491515,1.5731233315941229,53.83914917008563,4960.5988720000005,5011.8488720000005
477,2021-11-22,4712.0,4743.830078,4682.169922,4682.939941,1,Holding,0.0,0.0,1702.748774000001,36.22998000000007,1738.9787540000011,8,52.266025838491515,1.1120824749500207,53.37810831344153,4960.5988720000005,4996.828852000001
478,2021-11-23,4678.47998,4699.390137,4652.660156,4690.700195,1,Holding,0.0,0.0,1702.748774000001,43.99023400000078,1746.7390080000018,9,52.266025838491515,1.3502841652231472,53.61631000371466,4960.5988720000005,5004.589106000001
479,2021-11-24,4675.779785,4702.870117,4659.890137,4701.459961,1,Holding,0.0,0.0,1702.748774000001,54.75,1757.498774000001,10,52.266025838491515,1.6805561444834778,53.946581982975,4960.5988720000005,5015.3488720000005
480,2021-11-26,4664.629883,4664.629883,4585.430176,4594.620117,1,Holding,0.0,0.0,1702.748774000001,-52.089843999999175,1650.6589300000019,11,52.266025838491515,-1.598902418253597,50.667123420237914,4960.5988720000005,4908.509028000002
481,2021-11-29,4628.75,4672.950195,4625.259766,4655.27002,1,Holding,0.0,0.0,1702.748774000001,8.560059000000365,1711.3088330000014,12,52.266025838491515,0.26275177624825036,52.52877761473977,4960.5988720000005,4969.158931000002
482,2021-11-30,4640.25,4646.02002,4560.0,4567.0,1,Holding,0.0,0.0,1702.748774000001,-79.70996099999957,1623.0388130000015,13,52.266025838491515,-2.4467043787230622,49.81932145976845,4960.5988720000005,4880.888911000002
483,2021-12-01,4602.819824,4652.939941,4510.27002,4513.040039,1,Holding,0.0,0.0,1702.748774000001,-133.66992199999913,1569.078852000002,14,52.266025838491515,-4.103010205474443,48.16301563301707,4960.5988720000005,4826.928950000001
484,2021-12-02,4504.72998,4595.459961,4504.72998,4577.100098,0,Holding,0.0,0.0,1702.748774000001,-69.60986299999968,1633.1389110000014,15,52.266025838491515,-2.136680967695024,50.12934487079649,4960.5988720000005,4890.989009000001
485,2021-12-03,4589.490234,4608.029785,4495.120117,4538.430176,0,sell,-98.33984399999918,-2.1163327348891787,1702.748774000001,-108.27978499999972,1594.4689890000013,0,52.266025838491515,-3.3236576804584375,48.94236815803308,4960.5988720000005,4852.319087000002
486,2021-12-06,4548.370117,4612.600098,4540.509766,4591.669922,1,Buy,0.0,0.0,1604.408930000002,0.0,1604.408930000002,0,49.247475535628595,0.0,49.247475535628595,4862.259028000002,4862.259028000002
487,2021-12-07,4631.970215,4694.040039,4631.970215,4686.75,0,Holding,0.0,0.0,1604.408930000002,95.08007799999996,1699.489008000002,1,49.247475535628595,2.9184914940797855,52.16596702970838,4862.259028000002,4957.339106000002
488,2021-12-08,4690.859863,4705.060059,4674.52002,4701.209961,0,sell,99.33007799999996,2.1632669527067097,1604.408930000002,109.54003899999952,1713.9489690000016,0,49.247475535628595,3.362341289651306,52.6098168252799,4862.259028000002,4971.799067000002
489,2021-12-09,4691.0,4695.259766,4665.97998,4667.450195,1,Buy,0.0,0.0,1703.7390080000018,0.0,1703.7390080000018,0,52.29642115964545,0.0,52.29642115964545,4961.589106000001,4961.589106000001
490,2021-12-10,4687.640137,4713.569824,4670.240234,4712.02002,1,Holding,0.0,0.0,1703.7390080000018,44.56982499999958,1748.3088330000014,1,52.29642115964545,1.3680747627817829,53.66449592242722,4961.589106000001,5006.158931000002
491,2021-12-13,4710.299805,4710.299805,4667.600098,4668.970215,1,Holding,0.0,0.0,1703.7390080000018,1.5200199999999313,1705.2590280000018,2,52.29642115964545,0.04665714978516275,52.34307830943061,4961.589106000001,4963.109126000001
492,2021-12-14,4642.990234,4660.470215,4606.52002,4634.089844,0,Holding,0.0,0.0,1703.7390080000018,-33.360351000000264,1670.3786570000016,3,52.29642115964545,-1.023998956258922,51.272422203386526,4961.589106000001,4928.228755000002
493,2021-12-15,4636.459961,4712.600098,4611.220215,4709.850098,1,Holding,0.0,0.0,1703.7390080000018,42.39990299999954,1746.1389110000014,4,52.29642115964545,1.3014688130073548,53.5978899726528,4961.589106000001,5003.989009000001
494,2021-12-16,4719.129883,4731.990234,4651.890137,4668.669922,1,Holding,0.0,0.0,1703.7390080000018,1.2197269999996934,1704.9587350000015,5,52.29642115964545,0.037439629304874586,52.33386078895032,4961.589106000001,4962.808833000001
495,2021-12-17,4652.5,4666.700195,4600.220215,4620.640137,0,Holding,0.0,0.0,1703.7390080000018,-46.810058000000026,1656.9289500000018,6,52.29642115964545,-1.436838914986813,50.85958224465863,4961.589106000001,4914.779048000002
496,2021-12-20,4587.899902,4587.899902,4531.100098,4568.02002,0,sell,-72.49023400000078,-1.5531013930830122,1703.7390080000018,-99.43017500000042,1604.3088330000014,0,52.29642115964545,-3.052018110380241,49.24440304926521,4961.589106000001,4862.158931000002
497,2021-12-21,4594.959961,4651.140137,4583.160156,4649.22998,1,Buy,0.0,0.0,1631.248774000001,0.0,1631.248774000001,0,50.071326946608984,0.0,50.071326946608984,4889.0988720000005,4889.0988720000005
498,2021-12-22,4650.359863,4697.669922,4645.529785,4696.560059,0,Holding,0.0,0.0,1631.248774000001,47.330079000000296,1678.5788530000013,1,50.071326946608984,1.4528010060701173,51.5241279526791,4889.0988720000005,4936.428951000002
499,2021-12-23,4703.959961,4740.740234,4703.959961,4725.790039,1,Holding,0.0,0.0,1631.248774000001,76.56005900000036,1707.8088330000014,2,50.071326946608984,2.350017855241428,52.42134480185041,4889.0988720000005,4965.658931000002
500,2021-12-27,4733.990234,4791.490234,4733.990234,4791.189941,0,Holding,0.0,0.0,1631.248774000001,141.95996099999957,1773.2087350000006,3,50.071326946608984,4.357473693683729,54.42880064029271,4889.0988720000005,5031.058833000001
501,2021-12-28,4795.490234,4807.02002,4780.040039,4786.350098,0,sell,139.41015700000025,2.998564441847642,1631.248774000001,137.12011799999982,1768.3688920000009,0,50.071326946608984,4.208914280131493,54.28024122674048,4889.0988720000005,5026.218990000001
502,2021-12-29,4788.640137,4804.060059,4778.080078,4793.060059,1,Buy,0.0,0.0,1770.6589310000013,0.0,1770.6589310000013,0,54.35053417856801,0.0,54.35053417856801,5028.509029000001,5028.509029000001
503,2021-12-30,4794.22998,4808.930176,4775.330078,4778.72998,1,Holding,0.0,0.0,1770.6589310000013,-14.330079000000296,1756.328852000001,1,54.35053417856801,-0.43986305597048675,53.91067112259752,5028.509029000001,5014.178950000001
504,2021-12-31,4775.209961,4786.830078,4765.75,4766.180176,1,Holding,0.0,0.0,1770.6589310000013,-26.879883000000518,1743.7790480000008,2,54.35053417856801,-0.825080411664801,53.52545376690321,5028.509029000001,5001.629146000001
505,2022-01-03,4778.140137,4796.640137,4758.169922,4796.560059,0,Holding,0.0,0.0,1770.6589310000013,3.5,1774.1589310000013,3,54.35053417856801,0.10743281288935473,54.45796699145736,5028.509029000001,5032.009029000001
506,2022-01-04,4804.509766,4818.620117,4774.27002,4793.540039,1,Holding,0.0,0.0,1770.6589310000013,0.4799800000000687,1771.1389110000014,4,54.35053417856801,0.014733029008754249,54.365267207576764,5028.509029000001,5028.989009000001
507,2022-01-05,4787.990234,4797.700195,4699.439941,4700.580078,1,Holding,0.0,0.0,1770.6589310000013,-92.47998100000041,1678.178950000001,5,54.35053417856801,-2.8386812842240357,51.51185289434397,5028.509029000001,4936.029048
508,2022-01-06,4693.390137,4725.009766,4671.259766,4696.049805,0,Holding,0.0,0.0,1770.6589310000013,-97.01025400000071,1673.6486770000006,6,54.35053417856801,-2.9777384189516725,51.37279575961634,5028.509029000001,4931.498775
509,2022-01-07,4697.660156,4707.950195,4662.740234,4677.029785,0,sell,-137.72021500000028,-2.873325460243316,1770.6589310000013,-116.03027400000065,1654.6286570000007,0,54.35053417856801,-3.5615596331836095,50.788974545384406,5028.509029000001,4912.478755
510,2022-01-10,4655.339844,4673.02002,4582.240234,4670.290039,0,No action,0.0,0.0,1632.938716000001,0.0,1632.938716000001,0,50.12319986737466,0.0,50.12319986737466,4890.788814000001,4890.788814000001
511,2022-01-11,4669.140137,4714.129883,4638.27002,4713.069824,0,No action,0.0,0.0,1632.938716000001,0.0,1632.938716000001,0,50.12319986737466,0.0,50.12319986737466,4890.788814000001,4890.788814000001
512,2022-01-12,4728.589844,4748.830078,4706.709961,4726.350098,0,No action,0.0,0.0,1632.938716000001,0.0,1632.938716000001,0,50.12319986737466,0.0,50.12319986737466,4890.788814000001,4890.788814000001
513,2022-01-13,4733.560059,4744.129883,4650.290039,4659.029785,1,Buy,0.0,0.0,1632.938716000001,0.0,1632.938716000001,0,50.12319986737466,0.0,50.12319986737466,4890.788814000001,4890.788814000001
514,2022-01-14,4637.990234,4665.129883,4614.75,4662.850098,1,Holding,0.0,0.0,1632.938716000001,3.8203130000001693,1636.7590290000012,1,50.12319986737466,0.1172648490593679,50.24046471643402,4890.788814000001,4894.6091270000015
515,2022-01-18,4632.240234,4632.240234,4568.700195,4577.109863,0,Holding,0.0,0.0,1632.938716000001,-81.91992200000004,1551.018794000001,2,50.12319986737466,-2.5145393291818685,47.60866053819279,4890.788814000001,4808.868892
516,2022-01-19,4588.029785,4611.549805,4530.200195,4532.759766,0,sell,-111.67968699999984,-2.397058876068117,1632.938716000001,-126.27001899999959,1506.6686970000014,0,50.12319986737466,-3.875869521360636,46.24733034601402,4890.788814000001,4764.518795000002
517,2022-01-20,4547.350098,4602.109863,4477.950195,4482.72998,1,Buy,0.0,0.0,1521.2590290000012,0.0,1521.2590290000012,0,46.69518189108532,0.0,46.69518189108532,4779.1091270000015,4779.1091270000015
518,2022-01-21,4471.379883,4494.52002,4395.339844,4397.939941,0,Holding,0.0,0.0,1521.2590290000012,-84.79003900000043,1436.4689900000008,1,46.69518189108532,-2.602637827076611,44.092544064008706,4779.1091270000015,4694.319088
519,2022-01-24,4356.319824,4417.350098,4222.620117,4410.129883,1,Holding,0.0,0.0,1521.2590290000012,-72.60009700000046,1448.6589320000007,2,46.69518189108532,-2.2284664676428725,44.466715423442444,4779.1091270000015,4706.509030000001
520,2022-01-25,4366.640137,4411.009766,4287.109863,4356.450195,1,Holding,0.0,0.0,1521.2590290000012,-126.27978499999972,1394.9792440000015,3,46.69518189108532,-3.8761692896036903,42.819012601481624,4779.1091270000015,4652.829342000001
521,2022-01-26,4408.430176,4453.22998,4304.799805,4349.930176,1,Holding,0.0,0.0,1521.2590290000012,-132.79980400000022,1388.459225000001,4,46.69518189108532,-4.076301855678573,42.61888003540674,4779.1091270000015,4646.309323000001
522,2022-01-27,4380.580078,4428.740234,4309.5,4326.509766,1,Holding,0.0,0.0,1521.2590290000012,-156.22021399999994,1365.0388150000013,5,46.69518189108532,-4.795193434341986,41.89998845674333,4779.1091270000015,4622.888913000001
523,2022-01-28,4336.189941,4432.720215,4292.459961,4431.850098,1,Holding,0.0,0.0,1521.2590290000012,-50.87988200000018,1470.379147000001,6,46.69518189108532,-1.5617625264967052,45.13341936458861,4779.1091270000015,4728.229245
524,2022-01-31,4431.790039,4516.890137,4414.02002,4515.549805,1,Holding,0.0,0.0,1521.2590290000012,32.81982499999958,1554.0788540000008,7,46.69518189108532,1.0074074623675207,47.70258935345284,4779.1091270000015,4811.928952
525,2022-02-01,4519.569824,4550.490234,4483.529785,4546.540039,1,Holding,0.0,0.0,1521.2590290000012,63.810059000000365,1585.0690880000016,8,46.69518189108532,1.9586554654302073,48.653837356515524,4779.1091270000015,4842.919186000001
526,2022-02-02,4566.390137,4595.310059,4544.319824,4589.379883,1,Holding,0.0,0.0,1521.2590290000012,106.64990299999954,1627.9089320000007,9,46.69518189108532,3.273628306761938,49.968810197847255,4779.1091270000015,4885.759030000001
527,2022-02-03,4535.410156,4542.879883,4470.390137,4477.439941,1,Holding,0.0,0.0,1521.2590290000012,-5.290039000000434,1515.9689900000008,10,46.69518189108532,-0.16237822001841024,46.53280367106691,4779.1091270000015,4773.819088
528,2022-02-04,4482.790039,4539.660156,4451.5,4500.529785,1,Holding,0.0,0.0,1521.2590290000012,17.79980499999965,1539.0588340000008,11,46.69518189108532,0.5463666057234182,47.24154849680873,4779.1091270000015,4796.908932
529,2022-02-07,4505.75,4521.859863,4471.470215,4483.870117,1,Holding,0.0,0.0,1521.2590290000012,1.1401370000003226,1522.3991660000015,12,46.69518189108532,0.03499660713978998,46.73017849822511,4779.1091270000015,4780.249264000002
530,2022-02-08,4480.02002,4531.319824,4465.399902,4521.540039,1,Holding,0.0,0.0,1521.2590290000012,38.810059000000365,1560.0690880000016,13,46.69518189108532,1.191278230506245,47.88646012159156,4779.1091270000015,4817.919186000001
531,2022-02-09,4547.0,4590.029785,4547.0,4587.180176,0,Holding,0.0,0.0,1521.2590290000012,104.45019599999978,1625.709225000001,14,46.69518189108532,3.20610810374983,49.901289994835146,4779.1091270000015,4883.559323000001
532,2022-02-10,4553.240234,4588.919922,4484.310059,4504.080078,0,sell,23.540039999999863,0.5251273243096355,1521.2590290000012,21.35009799999989,1542.609127000001,0,46.69518189108532,0.6553431667438214,47.35052505782914,4779.1091270000015,4800.4592250000005
533,2022-02-11,4506.27002,4526.330078,4401.410156,4418.640137,0,No action,0.0,0.0,1544.799069000001,0.0,1544.799069000001,0,47.41774552329329,0.0,47.41774552329329,4802.649167000001,4802.649167000001
534,2022-02-14,4412.609863,4426.220215,4364.839844,4401.669922,0,No action,0.0,0.0,1544.799069000001,0.0,1544.799069000001,0,47.41774552329329,0.0,47.41774552329329,4802.649167000001,4802.649167000001
535,2022-02-15,4429.279785,4472.77002,4429.279785,4471.069824,0,No action,0.0,0.0,1544.799069000001,0.0,1544.799069000001,0,47.41774552329329,0.0,47.41774552329329,4802.649167000001,4802.649167000001
536,2022-02-16,4455.75,4489.549805,4429.680176,4475.009766,1,Buy,0.0,0.0,1544.799069000001,0.0,1544.799069000001,0,47.41774552329329,0.0,47.41774552329329,4802.649167000001,4802.649167000001
537,2022-02-17,4456.060059,4456.060059,4373.810059,4380.259766,1,Holding,0.0,0.0,1544.799069000001,-94.75,1450.049069000001,1,47.41774552329329,-2.9083597203618177,44.509385802931476,4802.649167000001,4707.899167000001
538,2022-02-18,4384.569824,4394.600098,4327.220215,4348.870117,1,Holding,0.0,0.0,1544.799069000001,-126.13964899999974,1418.6594200000013,2,47.41774552329329,-3.871867802555958,43.54587772073733,4802.649167000001,4676.509518000001
539,2022-02-22,4332.740234,4362.120117,4267.109863,4304.759766,1,Holding,0.0,0.0,1544.799069000001,-170.25,1374.549069000001,3,47.41774552329329,-5.225838969832184,42.19190655346111,4802.649167000001,4632.399167000001
540,2022-02-23,4324.930176,4341.509766,4221.509766,4225.5,1,Holding,0.0,0.0,1544.799069000001,-249.50976600000013,1295.289303000001,4,47.41774552329329,-7.658724572784199,39.7590209505091,4802.649167000001,4553.139401
541,2022-02-24,4155.77002,4294.72998,4114.649902,4288.700195,1,Holding,0.0,0.0,1544.799069000001,-186.30957099999978,1358.4894980000013,5,47.41774552329329,-5.718788937353979,41.698956585939314,4802.649167000001,4616.339596000002
542,2022-02-25,4298.379883,4385.339844,4286.830078,4384.649902,1,Holding,0.0,0.0,1544.799069000001,-90.35986400000002,1454.439205000001,6,47.41774552329329,-2.7736041033770125,44.64414141991628,4802.649167000001,4712.289303000001
543,2022-02-28,4354.169922,4388.839844,4315.120117,4373.939941,0,Holding,0.0,0.0,1544.799069000001,-101.06982500000049,1443.7292440000006,7,47.41774552329329,-3.102347313709966,44.31539820958332,4802.649167000001,4701.579342000001
544,2022-03-01,4363.140137,4378.450195,4279.540039,4306.259766,1,Holding,0.0,0.0,1544.799069000001,-168.75,1376.049069000001,8,47.41774552329329,-5.1797963357367465,42.237949187556545,4802.649167000001,4633.899167000001
545,2022-03-02,4322.560059,4401.47998,4322.560059,4386.540039,1,Holding,0.0,0.0,1544.799069000001,-88.4697269999997,1456.3293420000014,9,47.41774552329329,-2.7155861791895037,44.702159344103784,4802.649167000001,4714.179440000002
546,2022-03-03,4401.310059,4416.779785,4345.560059,4363.490234,1,Holding,0.0,0.0,1544.799069000001,-111.51953200000025,1433.2795370000008,10,47.41774552329329,-3.423102004246982,43.99464351904631,4802.649167000001,4691.129635000001
547,2022-03-04,4342.120117,4342.120117,4284.97998,4328.870117,1,Holding,0.0,0.0,1544.799069000001,-146.13964899999974,1398.6594200000013,11,47.41774552329329,-4.485769590495129,42.93197593279816,4802.649167000001,4656.509518000001
548,2022-03-07,4327.009766,4327.009766,4199.850098,4201.089844,0,Holding,0.0,0.0,1544.799069000001,-273.91992200000004,1270.879147000001,12,47.41774552329329,-8.4079964933979,39.00974902989539,4802.649167000001,4528.729245
549,2022-03-08,4202.660156,4276.939941,4157.870117,4170.700195,1,Holding,0.0,0.0,1544.799069000001,-304.3095709999998,1240.4894980000013,13,47.41774552329329,-9.340809486195083,38.07693603709821,4802.649167000001,4498.339596000002
550,2022-03-09,4223.100098,4299.399902,4223.100098,4277.879883,1,Holding,0.0,0.0,1544.799069000001,-197.12988300000052,1347.6691860000005,14,47.41774552329329,-6.0509193814969855,41.36682614179631,4802.649167000001,4605.519284
551,2022-03-10,4252.549805,4268.279785,4209.799805,4259.52002,0,Holding,0.0,0.0,1544.799069000001,-215.4897460000002,1329.3093230000009,15,47.41774552329329,-6.614477017597887,40.80326850569541,4802.649167000001,4587.159421
552,2022-03-11,4279.5,4291.009766,4200.490234,4204.310059,1,Holding,0.0,0.0,1544.799069000001,-270.69970699999976,1274.0993620000013,16,47.41774552329329,-8.309151706095465,39.10859381719783,4802.649167000001,4531.949460000002
553,2022-03-14,4202.75,4247.569824,4161.720215,4173.109863,1,Holding,0.0,0.0,1544.799069000001,-301.89990300000045,1242.8991660000006,17,47.41774552329329,-9.266844511518112,38.150901011775176,4802.649167000001,4500.749264
554,2022-03-15,4188.819824,4271.049805,4187.899902,4262.450195,1,Holding,0.0,0.0,1544.799069000001,-212.55957099999978,1332.2394980000013,18,47.41774552329329,-6.52453503402414,40.89321048926915,4802.649167000001,4590.089596000002
555,2022-03-16,4288.140137,4358.899902,4251.990234,4357.859863,1,Holding,0.0,0.0,1544.799069000001,-117.14990300000045,1427.6491660000006,19,47.41774552329329,-3.59592674543003,43.82181877786326,4802.649167000001,4685.499264
556,2022-03-17,4345.109863,4412.669922,4335.649902,4411.669922,1,Holding,0.0,0.0,1544.799069000001,-63.339844000000085,1481.459225000001,20,47.41774552329329,-1.9442221739694079,45.473523349323884,4802.649167000001,4739.309323000001
557,2022-03-18,4407.339844,4465.399902,4390.569824,4463.120117,1,Holding,0.0,0.0,1544.799069000001,-11.889648999999736,1532.9094200000013,21,47.41774552329329,-0.36495383895345007,47.05279168433984,4802.649167000001,4790.759518000001
558,2022-03-21,4462.399902,4481.75,4424.299805,4461.180176,1,Holding,0.0,0.0,1544.799069000001,-13.82959000000028,1530.9694790000008,22,47.41774552329329,-0.42450050137329187,46.993245021919996,4802.649167000001,4788.819577
559,2022-03-22,4469.100098,4522.0,4469.100098,4511.609863,1,Holding,0.0,0.0,1544.799069000001,36.60009699999955,1581.3991660000006,23,47.41774552329329,1.1234432493523387,48.54118877264563,4802.649167000001,4839.249264
560,2022-03-23,4493.100098,4501.069824,4455.810059,4456.240234,0,Holding,0.0,0.0,1544.799069000001,-18.769532000000254,1526.0295370000008,24,47.41774552329329,-0.576132462679081,46.841613060614215,4802.649167000001,4783.879635000001
561,2022-03-24,4469.97998,4520.580078,4465.169922,4520.160156,1,Holding,0.0,0.0,1544.799069000001,45.15038999999979,1589.9494590000008,25,47.41774552329329,1.3858952573575345,48.803640780650824,4802.649167000001,4847.799557
562,2022-03-25,4522.910156,4546.029785,4501.069824,4543.060059,1,Holding,0.0,0.0,1544.799069000001,68.05029300000024,1612.8493620000013,26,47.41774552329329,2.0888098271242264,49.50655535041752,4802.649167000001,4870.699460000002
563,2022-03-28,4541.089844,4575.649902,4517.689941,4575.52002,1,Holding,0.0,0.0,1544.799069000001,100.5102539999998,1645.3093230000009,27,47.41774552329329,3.0851712318409996,50.50291675513429,4802.649167000001,4903.159421
564,2022-03-29,4602.859863,4637.299805,4589.660156,4631.600098,1,Holding,0.0,0.0,1544.799069000001,156.59033199999976,1701.3894010000008,28,47.41774552329329,4.806554239439404,52.2242997627327,4802.649167000001,4959.239499000001
565,2022-03-30,4624.200195,4627.77002,4581.319824,4602.450195,1,Holding,0.0,0.0,1544.799069000001,127.44042900000022,1672.2394980000013,29,47.41774552329329,3.911795360941749,51.32954088423504,4802.649167000001,4930.089596000002
566,2022-03-31,4599.02002,4603.069824,4530.410156,4530.410156,1,Holding,0.0,0.0,1544.799069000001,55.40038999999979,1600.1994590000008,30,47.41774552329329,1.700519923676359,49.11826544696965,4802.649167000001,4858.049557
567,2022-04-01,4540.319824,4548.700195,4507.569824,4545.859863,1,Holding,0.0,0.0,1544.799069000001,70.85009699999955,1615.6491660000006,31,47.41774552329329,2.1747500611981674,49.59249558449146,4802.649167000001,4873.499264
568,2022-04-04,4547.970215,4583.5,4539.209961,4582.640137,1,Holding,0.0,0.0,1544.799069000001,107.6303710000002,1652.4294400000013,32,47.41774552329329,3.303723859672816,50.72146938296611,4802.649167000001,4910.279538000001
569,2022-04-05,4572.450195,4593.450195,4514.169922,4525.120117,1,Holding,0.0,0.0,1544.799069000001,50.110351000000264,1594.9094200000013,33,47.41774552329329,1.5381417036579768,48.95588722695127,4802.649167000001,4852.759518000001
570,2022-04-06,4494.169922,4503.939941,4450.040039,4481.149902,1,Holding,0.0,0.0,1544.799069000001,6.140135999999984,1550.939205000001,34,47.41774552329329,0.18847202342948266,47.606217546722775,4802.649167000001,4808.789303000001
571,2022-04-07,4474.649902,4521.160156,4450.299805,4500.209961,1,Holding,0.0,0.0,1544.799069000001,25.20019499999944,1569.9992640000005,35,47.41774552329329,0.7735222383457694,48.19126776163906,4802.649167000001,4827.849362000001
572,2022-04-08,4494.149902,4520.410156,4474.600098,4488.279785,1,Holding,0.0,0.0,1544.799069000001,13.270018999999593,1558.0690880000006,36,47.41774552329329,0.40732441950432535,47.82506994279762,4802.649167000001,4815.919186000001
573,2022-04-11,4462.640137,4464.350098,4408.379883,4412.529785,0,Holding,0.0,0.0,1544.799069000001,-62.47998100000041,1482.3190880000006,37,47.41774552329329,-1.9178286023152809,45.49991692097801,4802.649167000001,4740.169186000001
574,2022-04-12,4437.589844,4471.0,4381.339844,4397.450195,1,Holding,0.0,0.0,1544.799069000001,-77.55957099999978,1467.2394980000013,38,47.41774552329329,-2.380697965434743,45.03704755785855,4802.649167000001,4725.089596000002
575,2022-04-13,4394.299805,4453.919922,4392.700195,4446.589844,1,Holding,0.0,0.0,1544.799069000001,-28.419922000000042,1516.379147000001,39,47.41774552329329,-0.8723520464445889,46.5453934768487,4802.649167000001,4774.229245
576,2022-04-14,4449.120117,4460.459961,4390.77002,4392.589844,1,Holding,0.0,0.0,1544.799069000001,-82.41992200000004,1462.379147000001,40,47.41774552329329,-2.529886873880348,44.88785864941294,4802.649167000001,4720.229245
577,2022-04-18,4385.629883,4410.310059,4370.299805,4391.689941,1,Holding,0.0,0.0,1544.799069000001,-83.31982500000049,1461.4792440000006,41,47.41774552329329,-2.557509476913953,44.860236046379335,4802.649167000001,4719.329342000001
578,2022-04-19,4390.629883,4471.029785,4390.629883,4462.209961,0,Holding,0.0,0.0,1544.799069000001,-12.79980500000056,1531.9992640000005,42,47.41774552329329,-0.39289115873865355,47.024854364554635,4802.649167000001,4789.849362000001
579,2022-04-20,4472.259766,4488.290039,4448.759766,4459.450195,1,Holding,0.0,0.0,1544.799069000001,-15.559570999999778,1529.2394980000013,43,47.41774552329329,-0.4776024228233161,46.940143100469975,4802.649167000001,4787.089596000002
580,2022-04-21,4489.169922,4512.939941,4384.470215,4393.660156,0,Holding,0.0,0.0,1544.799069000001,-81.34961000000021,1463.4494590000008,44,47.41774552329329,-2.4970335513577155,44.92071197193558,4802.649167000001,4721.299557
581,2022-04-22,4385.830078,4385.830078,4267.620117,4271.779785,0,sell,-219.66992200000004,-4.9088143598925065,1544.799069000001,-203.2299810000004,1341.5690880000006,0,47.41774552329329,-6.238162434937189,41.179583088356104,4802.649167000001,4599.419186000001
582,2022-04-25,4255.339844,4299.02002,4200.819824,4296.120117,1,Buy,0.0,0.0,1325.129147000001,0.0,1325.129147000001,0,40.67495762968039,0.0,40.67495762968039,4582.979245,4582.979245
583,2022-04-26,4278.140137,4278.140137,4175.040039,4175.200195,0,Holding,0.0,0.0,1325.129147000001,-120.91992200000004,1204.209225000001,1,40.67495762968039,-3.71164781566325,36.963309814017144,4582.979245,4462.059323000001
584,2022-04-27,4186.52002,4240.709961,4162.899902,4183.959961,0,sell,-73.54003900000043,-1.7117779996187297,1325.129147000001,-112.16015600000082,1212.9689910000002,0,40.67495762968039,-3.442766015196836,37.232191614483554,4582.979245,4470.8190890000005
585,2022-04-28,4222.580078,4308.450195,4188.629883,4287.5,1,Buy,0.0,0.0,1251.5891080000006,0.0,1251.5891080000006,0,38.417639558319564,0.0,38.417639558319564,4509.439206000001,4509.439206000001
586,2022-04-29,4253.75,4269.680176,4124.279785,4131.930176,1,Holding,0.0,0.0,1251.5891080000006,-155.56982400000015,1096.0192840000004,1,38.417639558319564,-4.775229655149104,33.64240990317045,4509.439206000001,4353.869382000001
587,2022-05-02,4130.609863,4169.810059,4062.51001,4155.379883,1,Holding,0.0,0.0,1251.5891080000006,-132.1201170000004,1119.4689910000002,2,38.417639558319564,-4.055438802451628,34.36220075586793,4509.439206000001,4377.3190890000005
588,2022-05-03,4159.779785,4200.100098,4147.080078,4175.47998,1,Holding,0.0,0.0,1251.5891080000006,-112.02001999999993,1139.5690880000006,3,38.417639558319564,-3.4384645281490767,34.97917503017048,4509.439206000001,4397.419186000001
589,2022-05-04,4181.180176,4307.660156,4148.910156,4300.169922,1,Holding,0.0,0.0,1251.5891080000006,12.669922000000042,1264.2590300000006,4,38.417639558319564,0.38890438844249253,38.806543946762055,4509.439206000001,4522.109128
590,2022-05-05,4270.430176,4270.430176,4106.009766,4146.870117,1,Holding,0.0,0.0,1251.5891080000006,-140.6298829999996,1110.959225000001,5,38.417639558319564,-4.316646830568803,34.100992727750764,4509.439206000001,4368.809323000001
591,2022-05-06,4128.169922,4157.689941,4067.909912,4123.339844,1,Holding,0.0,0.0,1251.5891080000006,-164.16015599999992,1087.4289520000007,6,38.417639558319564,-5.03891066383865,33.378728894480915,4509.439206000001,4345.279050000001
592,2022-05-09,4081.27002,4081.27002,3975.47998,3991.23999,1,Holding,0.0,0.0,1251.5891080000006,-296.26000999999997,955.3290980000006,7,38.417639558319564,-9.093727491693818,29.323912066625745,4509.439206000001,4213.179196000001
593,2022-05-10,4035.179932,4068.820068,3958.169922,4001.050049,1,Holding,0.0,0.0,1251.5891080000006,-286.44995100000006,965.1391570000005,8,38.417639558319564,-8.792606853699384,29.625032704620182,4509.439206000001,4222.989255
594,2022-05-11,3990.080078,4049.090088,3928.820068,3935.179932,1,Holding,0.0,0.0,1251.5891080000006,-352.320068,899.2690400000006,9,38.417639558319564,-10.814495983602496,27.603143574717066,4509.439206000001,4157.119138
595,2022-05-12,3903.949951,3964.800049,3858.870117,3930.080078,1,Holding,0.0,0.0,1251.5891080000006,-357.41992200000004,894.1691860000005,10,38.417639558319564,-10.971036458043933,27.44660310027563,4509.439206000001,4152.019284
596,2022-05-13,3963.899902,4038.879883,3963.899902,4023.889893,1,Holding,0.0,0.0,1251.5891080000006,-263.61010699999997,987.9790010000006,11,38.417639558319564,-8.091535800306794,30.326103758012767,4509.439206000001,4245.8290990000005
597,2022-05-16,4013.02002,4046.459961,3983.98999,4008.01001,1,Holding,0.0,0.0,1251.5891080000006,-279.48999000000003,972.0991180000005,12,38.417639558319564,-8.578970228605037,29.838669329714524,4509.439206000001,4229.949216000001
598,2022-05-17,4052.0,4090.719971,4033.929932,4088.850098,1,Holding,0.0,0.0,1251.5891080000006,-198.6499020000001,1052.9392060000005,13,38.417639558319564,-6.0975765005870475,32.32006305773251,4509.439206000001,4310.789304
599,2022-05-18,4051.97998,4051.97998,3911.909912,3923.679932,1,Holding,0.0,0.0,1251.5891080000006,-363.820068,887.7690400000006,14,38.417639558319564,-11.167489511667519,27.250150046652045,4509.439206000001,4145.619138
600,2022-05-19,3899.0,3945.959961,3876.580078,3900.790039,0,Holding,0.0,0.0,1251.5891080000006,-386.709961,864.8791470000006,15,38.417639558319564,-11.870096823589336,26.54754273473023,4509.439206000001,4122.729245
601,2022-05-20,3927.76001,3943.419922,3810.320068,3901.360107,1,Holding,0.0,0.0,1251.5891080000006,-386.13989300000003,865.4492150000005,16,38.417639558319564,-11.85259853536699,26.565041022952574,4509.439206000001,4123.299313
602,2022-05-23,3919.419922,3981.879883,3909.040039,3973.75,1,Holding,0.0,0.0,1251.5891080000006,-313.75,937.8391080000006,17,38.417639558319564,-9.630584298295728,28.787055260023838,4509.439206000001,4195.689206000001
603,2022-05-24,3942.939941,3955.679932,3875.129883,3941.47998,1,Holding,0.0,0.0,1251.5891080000006,-346.02001999999993,905.5690880000006,18,38.417639558319564,-10.621115447037365,27.796524111282196,4509.439206000001,4163.419186000001
604,2022-05-25,3929.590088,3999.330078,3925.030029,3978.72998,1,Holding,0.0,0.0,1251.5891080000006,-308.77001999999993,942.8190880000006,19,38.417639558319564,-9.47772336700066,28.939916191318897,4509.439206000001,4200.669186000001
605,2022-05-26,3984.600098,4075.139893,3984.600098,4057.840088,1,Holding,0.0,0.0,1251.5891080000006,-229.65991200000008,1021.9291960000005,20,38.417639558319564,-7.049431529737624,31.36820802858194,4509.439206000001,4279.779294
606,2022-05-27,4077.429932,4158.490234,4077.429932,4158.240234,1,Holding,0.0,0.0,1251.5891080000006,-129.25976600000013,1122.3293420000005,21,38.417639558319564,-3.9676400727999406,34.44999948551962,4509.439206000001,4380.17944
607,2022-05-31,4151.089844,4168.339844,4104.879883,4132.149902,1,Holding,0.0,0.0,1251.5891080000006,-155.3500979999999,1096.2390100000007,22,38.417639558319564,-4.7684851459362605,33.649154412383304,4509.439206000001,4354.089108
608,2022-06-01,4149.779785,4166.540039,4073.850098,4101.22998,1,Holding,0.0,0.0,1251.5891080000006,-186.27001999999993,1065.3190880000006,23,38.417639558319564,-5.717574915873246,32.70006464244632,4509.439206000001,4323.169186000001
609,2022-06-02,4095.409912,4177.509766,4074.370117,4176.819824,1,Holding,0.0,0.0,1251.5891080000006,-110.68017599999985,1140.9089320000007,24,38.417639558319564,-3.397337896791096,35.02030166152847,4509.439206000001,4398.759030000001
610,2022-06-03,4137.569824,4142.669922,4098.669922,4108.540039,1,Holding,0.0,0.0,1251.5891080000006,-178.95996099999957,1072.629147000001,25,38.417639558319564,-5.493192001371193,32.924447556948365,4509.439206000001,4330.479245
611,2022-06-06,4134.720215,4168.779785,4109.180176,4121.430176,1,Holding,0.0,0.0,1251.5891080000006,-166.06982400000015,1085.5192840000004,26,38.417639558319564,-5.097528093817169,33.320111464502396,4509.439206000001,4343.369382000001
612,2022-06-07,4096.470215,4164.859863,4080.189941,4160.680176,1,Holding,0.0,0.0,1251.5891080000006,-126.81982400000015,1124.7692840000004,27,38.417639558319564,-3.8927458349865476,34.524893723333015,4509.439206000001,4382.619382000001
613,2022-06-08,4147.120117,4160.140137,4107.200195,4115.77002,1,Holding,0.0,0.0,1251.5891080000006,-171.72998000000007,1079.8591280000005,28,38.417639558319564,-5.271267088237897,33.146372470081666,4509.439206000001,4337.709226000001
614,2022-06-09,4101.649902,4119.100098,4017.169922,4017.820068,1,Holding,0.0,0.0,1251.5891080000006,-269.679932,981.9091760000006,29,38.417639558319564,-8.277849621305688,30.139789937013873,4509.439206000001,4239.759274
615,2022-06-10,3974.389893,3974.389893,3900.159912,3900.860107,1,Holding,0.0,0.0,1251.5891080000006,-386.63989300000003,864.9492150000005,30,38.417639558319564,-11.867946080065469,26.549693478254095,4509.439206000001,4122.799313
616,2022-06-13,3838.149902,3838.149902,3734.300049,3749.629883,1,Holding,0.0,0.0,1251.5891080000006,-537.8701169999999,713.7189910000006,31,38.417639558319564,-16.509971325267525,21.90766823305204,4509.439206000001,3971.5690890000005
617,2022-06-14,3763.52002,3778.179932,3705.679932,3735.47998,1,Holding,0.0,0.0,1251.5891080000006,-552.0200199999999,699.5690880000006,32,38.417639558319564,-16.944303862810816,21.473335695508748,4509.439206000001,3957.4191860000005
618,2022-06-15,3764.050049,3837.560059,3722.300049,3789.98999,0,Holding,0.0,0.0,1251.5891080000006,-497.51000999999997,754.0790980000006,33,38.417639558319564,-15.271114232831714,23.146525325487847,4509.439206000001,4011.9291960000005
619,2022-06-16,3728.179932,3728.179932,3639.77002,3666.77002,0,sell,-621.6000979999999,-14.497961469387752,1251.5891080000006,-620.7299800000001,630.8591280000005,0,38.417639558319564,-19.053362227472263,19.364277330847298,4509.439206000001,3888.7092260000004
620,2022-06-17,3665.899902,3707.709961,3636.870117,3674.840088,1,Buy,0.0,0.0,629.9890100000007,0.0,629.9890100000007,0,19.337568981051405,0.0,19.337568981051405,3887.8391080000006,3887.8391080000006
621,2022-06-21,3715.310059,3779.649902,3715.310059,3764.790039,1,Holding,0.0,0.0,629.9890100000007,89.94995100000006,719.9389610000007,1,19.337568981051405,2.761021787197038,22.098590768248442,3887.8391080000006,3977.7890590000006
622,2022-06-22,3733.889893,3801.790039,3717.689941,3759.889893,1,Holding,0.0,0.0,629.9890100000007,85.0498050000001,715.0388150000008,2,19.337568981051405,2.610611367668891,21.948180348720292,3887.8391080000006,3972.8889130000007
623,2022-06-23,3774.709961,3802.580078,3743.52002,3795.72998,0,Holding,0.0,0.0,629.9890100000007,120.88989200000015,750.8789020000008,3,19.337568981051405,3.7107260421286625,23.048295023180067,3887.8391080000006,4008.7290000000007
624,2022-06-24,3821.75,3913.649902,3821.75,3911.73999,1,Holding,0.0,0.0,629.9890100000007,236.8999020000001,866.8889120000008,4,19.337568981051405,7.27166367002071,26.609232651072112,3887.8391080000006,4124.739010000001
625,2022-06-27,3920.76001,3927.719971,3889.659912,3900.110107,1,Holding,0.0,0.0,629.9890100000007,225.27001900000005,855.2590290000007,5,19.337568981051405,6.9146833716595415,26.252252352710943,3887.8391080000006,4113.109127000001
626,2022-06-28,3913.0,3945.860107,3820.139893,3821.550049,1,Holding,0.0,0.0,629.9890100000007,146.70996100000002,776.6989710000007,6,19.337568981051405,4.503275368319295,23.8408443493707,3887.8391080000006,4034.5490690000006
627,2022-06-29,3825.090088,3836.5,3799.02002,3818.830078,0,Holding,0.0,0.0,629.9890100000007,143.98999000000003,773.9790000000007,7,19.337568981051405,4.419785615317162,23.757354596368565,3887.8391080000006,4031.8290980000006
628,2022-06-30,3785.98999,3818.98999,3738.669922,3785.379883,0,sell,106.15991200000008,2.888830791485588,629.9890100000007,110.53979500000014,740.5288050000008,0,19.337568981051405,3.39302888944647,22.730597870497874,3887.8391080000006,3998.3789030000007
629,2022-07-01,3781.0,3829.820068,3752.100098,3825.330078,0,No action,0.0,0.0,736.1489220000008,0.0,736.1489220000008,0,22.59615697026465,0.0,22.59615697026465,3993.9990200000007,3993.9990200000007
630,2022-07-05,3792.610107,3832.189941,3742.060059,3831.389893,1,Buy,0.0,0.0,736.1489220000008,0.0,736.1489220000008,0,22.59615697026465,0.0,22.59615697026465,3993.9990200000007,3993.9990200000007
631,2022-07-06,3831.97998,3870.909912,3809.370117,3845.080078,0,Holding,0.0,0.0,736.1489220000008,13.690184999999929,749.8391070000007,1,22.59615697026465,0.4202214524358981,23.01637842270055,3993.9990200000007,4007.6892050000006
632,2022-07-07,3858.850098,3910.629883,3858.850098,3902.620117,1,Holding,0.0,0.0,736.1489220000008,71.23022399999991,807.3791460000007,2,22.59615697026465,2.1864180934453756,24.782575063710027,3993.9990200000007,4065.2292440000006
633,2022-07-08,3888.26001,3918.5,3869.340088,3899.379883,1,Holding,0.0,0.0,736.1489220000008,67.98999000000003,804.1389120000008,3,22.59615697026465,2.0869588211483157,24.68311579141297,3993.9990200000007,4061.9890100000007
634,2022-07-11,3880.939941,3880.939941,3847.219971,3854.429932,1,Holding,0.0,0.0,736.1489220000008,23.04003899999998,759.1889610000007,4,22.59615697026465,0.7072160568144096,23.30337302707906,3993.9990200000007,4017.0390590000006
635,2022-07-12,3851.949951,3873.409912,3802.360107,3818.800049,0,Holding,0.0,0.0,736.1489220000008,-12.589844000000085,723.5590780000007,5,22.59615697026465,-0.38644638707376416,22.209710583190887,3993.9990200000007,3981.4091760000006
636,2022-07-13,3779.669922,3829.439941,3759.070068,3801.780029,1,Holding,0.0,0.0,736.1489220000008,-29.609864000000016,706.5390580000008,6,22.59615697026465,-0.9088774225117837,21.68727954775287,3993.9990200000007,3964.3891560000006
637,2022-07-14,3763.98999,3796.409912,3721.560059,3790.379883,1,Holding,0.0,0.0,736.1489220000008,-41.010009999999966,695.1389120000008,7,22.59615697026465,-1.258805923120161,21.33735104714449,3993.9990200000007,3952.9890100000007
638,2022-07-15,3818.0,3863.620117,3817.179932,3863.159912,0,Holding,0.0,0.0,736.1489220000008,31.770019000000048,767.9189410000008,8,22.59615697026465,0.9751835733480714,23.571340543612724,3993.9990200000007,4025.7690390000007
639,2022-07-18,3883.790039,3902.439941,3818.629883,3830.850098,1,Holding,0.0,0.0,736.1489220000008,-0.5397950000001401,735.6091270000006,9,22.59615697026465,-0.016569055781035513,22.579587914483618,3993.9990200000007,3993.4592250000005
640,2022-07-19,3860.72998,3939.810059,3860.72998,3936.689941,1,Holding,0.0,0.0,736.1489220000008,105.30004800000006,841.4489700000008,10,22.59615697026465,3.232194386864023,25.828351357128675,3993.9990200000007,4099.299068
641,2022-07-20,3935.320068,3974.129883,3922.030029,3959.899902,1,Holding,0.0,0.0,736.1489220000008,128.51000900000008,864.6589310000008,11,22.59615697026465,3.944626214658944,26.540783184923594,3993.9990200000007,4122.509029000001
642,2022-07-21,3955.469971,3999.290039,3927.639893,3998.949951,1,Holding,0.0,0.0,736.1489220000008,167.56005800000003,903.7089800000008,12,22.59615697026465,5.143270959669552,27.7394279299342,3993.9990200000007,4161.559078
643,2022-07-22,3998.429932,4012.439941,3938.860107,3961.629883,0,Holding,0.0,0.0,736.1489220000008,130.23999000000003,866.3889120000008,13,22.59615697026465,3.9977281361089823,26.593885106373634,3993.9990200000007,4124.239010000001
644,2022-07-25,3965.719971,3975.300049,3943.459961,3966.840088,0,sell,121.83007799999996,3.1797880508737864,736.1489220000008,135.4501949999999,871.5991170000007,0,22.59615697026465,4.157655844360457,26.75381281462511,3993.9990200000007,4129.449215000001
645,2022-07-26,3953.219971,3953.219971,3910.73999,3921.050049,1,Buy,0.0,0.0,857.9790000000007,0.0,857.9790000000007,0,26.335742105713077,0.0,26.335742105713077,4115.829098,4115.829098
646,2022-07-27,3951.429932,4039.560059,3951.429932,4023.610107,1,Holding,0.0,0.0,857.9790000000007,102.56005800000003,960.5390580000008,1,26.335742105713077,3.14809014886725,29.483832254580328,4115.829098,4218.389156000001
647,2022-07-28,4026.129883,4078.949951,3992.969971,4072.429932,0,Holding,0.0,0.0,857.9790000000007,151.37988300000006,1009.3588830000008,2,26.335742105713077,4.64661904158612,30.982361147299198,4115.829098,4267.208981000001
648,2022-07-29,4087.330078,4140.149902,4079.219971,4130.290039,1,Holding,0.0,0.0,857.9790000000007,209.2399900000005,1067.2189900000012,3,26.335742105713077,6.4226401984687165,32.758382304181794,4115.829098,4325.069088000001
649,2022-08-01,4112.379883,4144.950195,4096.02002,4118.629883,0,Holding,0.0,0.0,857.9790000000007,197.57983399999966,1055.5588340000004,4,26.335742105713077,6.06473066766621,32.400472773379285,4115.829098,4313.408932
650,2022-08-02,4104.209961,4140.470215,4079.810059,4091.189941,0,sell,186.9099119999996,4.766833110117224,857.9790000000007,170.13989200000015,1028.1188920000009,0,26.335742105713077,5.222459194928868,31.558201300641947,4115.829098,4285.968990000001
651,2022-08-03,4107.959961,4167.660156,4107.959961,4155.169922,0,No action,0.0,0.0,1044.8889120000003,0.0,1044.8889120000003,0,32.072958563730715,0.0,32.072958563730715,4302.73901,4302.73901
652,2022-08-04,4154.850098,4161.290039,4135.419922,4151.939941,0,No action,0.0,0.0,1044.8889120000003,0.0,1044.8889120000003,0,32.072958563730715,0.0,32.072958563730715,4302.73901,4302.73901
653,2022-08-05,4115.870117,4151.580078,4107.310059,4145.189941,1,Buy,0.0,0.0,1044.8889120000003,0.0,1044.8889120000003,0,32.072958563730715,0.0,32.072958563730715,4302.73901,4302.73901
654,2022-08-08,4155.930176,4186.620117,4128.970215,4140.060059,1,Holding,0.0,0.0,1044.8889120000003,-5.12988199999927,1039.759030000001,1,32.072958563730715,-0.15746218658582586,31.915496377144887,4302.73901,4297.609128000001
655,2022-08-09,4133.109863,4137.299805,4112.089844,4122.470215,1,Holding,0.0,0.0,1044.8889120000003,-22.719725999999355,1022.169186000001,2,32.072958563730715,-0.6973840206443825,31.375574543086326,4302.73901,4280.019284000001
656,2022-08-10,4181.02002,4211.029785,4177.259766,4210.240234,0,Holding,0.0,0.0,1044.8889120000003,65.05029300000024,1109.9392050000006,3,32.072958563730715,1.996724558933351,34.06968312266406,4302.73901,4367.7893030000005
657,2022-08-11,4227.399902,4257.910156,4201.410156,4207.27002,0,sell,79.8300790000003,1.9258485168653527,1044.8889120000003,62.080079000000296,1106.9689910000006,0,32.072958563730715,1.905553574675255,33.97851213840596,4302.73901,4364.8190890000005
658,2022-08-12,4225.02002,4280.470215,4219.779785,4280.149902,0,No action,0.0,0.0,1124.7189910000006,0.0,1124.7189910000006,0,34.52334997520198,0.0,34.52334997520198,4382.5690890000005,4382.5690890000005
659,2022-08-15,4269.370117,4301.790039,4256.899902,4297.140137,1,Buy,0.0,0.0,1124.7189910000006,0.0,1124.7189910000006,0,34.52334997520198,0.0,34.52334997520198,4382.5690890000005,4382.5690890000005
660,2022-08-16,4290.459961,4325.279785,4277.77002,4305.200195,1,Holding,0.0,0.0,1124.7189910000006,8.060058000000026,1132.7790490000007,1,34.52334997520198,0.24740420085467132,34.77075417605665,4382.5690890000005,4390.629147000001
661,2022-08-17,4280.399902,4302.180176,4253.080078,4274.040039,1,Holding,0.0,0.0,1124.7189910000006,-23.10009799999989,1101.6188930000008,2,34.52334997520198,-0.7090595731884988,33.814290402013484,4382.5690890000005,4359.468991000001
662,2022-08-18,4273.129883,4292.529785,4261.97998,4283.740234,1,Holding,0.0,0.0,1124.7189910000006,-13.39990300000045,1111.3190880000002,3,34.52334997520198,-0.41131122049558616,34.11203875470639,4382.5690890000005,4369.169186
663,2022-08-19,4266.310059,4266.310059,4218.700195,4228.47998,1,Holding,0.0,0.0,1124.7189910000006,-68.66015700000025,1056.0588340000004,4,34.52334997520198,-2.1075296571242137,32.41582031807776,4382.5690890000005,4313.908932
664,2022-08-22,4195.080078,4195.080078,4129.859863,4137.990234,1,Holding,0.0,0.0,1124.7189910000006,-159.14990300000045,965.5690880000002,5,34.52334997520198,-4.885120500102287,29.638229475099692,4382.5690890000005,4223.419186
665,2022-08-23,4133.089844,4159.77002,4124.029785,4128.72998,1,Holding,0.0,0.0,1124.7189910000006,-168.41015700000025,956.3088340000004,6,34.52334997520198,-5.169364824470824,29.353985150731155,4382.5690890000005,4214.158932
666,2022-08-24,4126.549805,4156.560059,4119.970215,4140.77002,0,Holding,0.0,0.0,1124.7189910000006,-156.3701170000004,968.3488740000003,7,34.52334997520198,-4.799794720327872,29.723555254874107,4382.5690890000005,4226.198972
667,2022-08-25,4153.259766,4200.540039,4147.589844,4199.120117,0,sell,-98.39990300000044,-2.289892809237011,1124.7189910000006,-98.02001999999993,1026.6989710000007,0,34.52334997520198,-3.008733276591658,31.514616698610322,4382.5690890000005,4284.549069000001
668,2022-08-26,4198.740234,4203.040039,4057.659912,4057.659912,0,No action,0.0,0.0,1026.3190880000002,0.0,1026.3190880000002,0,31.502956155964924,0.0,31.502956155964924,4284.169186,4284.169186
669,2022-08-29,4034.580078,4062.98999,4017.419922,4030.610107,0,No action,0.0,0.0,1026.3190880000002,0.0,1026.3190880000002,0,31.502956155964924,0.0,31.502956155964924,4284.169186,4284.169186
670,2022-08-30,4041.25,4044.97998,3965.209961,3986.159912,0,No action,0.0,0.0,1026.3190880000002,0.0,1026.3190880000002,0,31.502956155964924,0.0,31.502956155964924,4284.169186,4284.169186
671,2022-08-31,4000.669922,4015.370117,3954.530029,3955.0,0,No action,0.0,0.0,1026.3190880000002,0.0,1026.3190880000002,0,31.502956155964924,0.0,31.502956155964924,4284.169186,4284.169186
672,2022-09-01,3936.72998,3970.22998,3903.649902,3966.850098,1,Buy,0.0,0.0,1026.3190880000002,0.0,1026.3190880000002,0,31.502956155964924,0.0,31.502956155964924,4284.169186,4284.169186
673,2022-09-02,3994.659912,4018.429932,3906.209961,3924.26001,1,Holding,0.0,0.0,1026.3190880000002,-42.59008799999992,983.7290000000003,1,31.502956155964924,-1.3073065585843269,30.195649597380598,4284.169186,4241.579098
674,2022-09-06,3930.889893,3942.550049,3886.75,3908.189941,0,Holding,0.0,0.0,1026.3190880000002,-58.6601569999998,967.6589310000004,2,31.502956155964924,-1.8005787631546148,29.70237739281031,4284.169186,4225.509029000001
675,2022-09-07,3909.429932,3987.889893,3906.030029,3979.870117,1,Holding,0.0,0.0,1026.3190880000002,13.020019000000048,1039.3391070000002,3,31.502956155964924,0.3996506471550997,31.90260680312002,4284.169186,4297.189205000001
676,2022-09-08,3959.939941,4010.5,3944.810059,4006.179932,0,Holding,0.0,0.0,1026.3190880000002,39.32983400000012,1065.6489220000003,4,31.502956155964924,1.2072327705975414,32.71018892656246,4284.169186,4323.49902
677,2022-09-09,4022.939941,4076.810059,4022.939941,4067.360107,0,sell,116.81982400000015,2.944901398187398,1026.3190880000002,100.51000900000008,1126.8290970000003,0,31.502956155964924,3.0851637115441055,34.58811986750903,4284.169186,4384.679195000001
678,2022-09-12,4083.669922,4119.279785,4083.669922,4110.410156,0,No action,0.0,0.0,1143.1389120000003,0.0,1143.1389120000003,0,35.08875109698189,0.0,35.08875109698189,4400.98901,4400.98901
679,2022-09-13,4037.120117,4037.120117,3921.280029,3932.689941,1,Buy,0.0,0.0,1143.1389120000003,0.0,1143.1389120000003,0,35.08875109698189,0.0,35.08875109698189,4400.98901,4400.98901
680,2022-09-14,3940.72998,3961.939941,3912.179932,3946.01001,1,Holding,0.0,0.0,1143.1389120000003,13.320068999999876,1156.4589810000002,1,35.08875109698189,0.40886070872865177,35.49761180571054,4400.98901,4414.309079000001
681,2022-09-15,3932.409912,3959.139893,3888.280029,3901.350098,1,Holding,0.0,0.0,1143.1389120000003,-31.3398430000002,1111.7990690000001,2,35.08875109698189,-0.9619792825716502,34.12677181441023,4400.98901,4369.649167
682,2022-09-16,3880.949951,3880.949951,3837.080078,3873.330078,0,Holding,0.0,0.0,1143.1389120000003,-59.35986300000013,1083.7790490000002,3,35.08875109698189,-1.8220563013762132,33.26669479560567,4400.98901,4341.629147
683,2022-09-19,3849.909912,3900.449951,3838.5,3899.889893,1,Holding,0.0,0.0,1143.1389120000003,-32.80004800000006,1110.3388640000003,4,35.08875109698189,-1.0068004055845317,34.08195069139735,4400.98901,4368.188962
684,2022-09-20,3875.22998,3876.01001,3827.540039,3855.929932,1,Holding,0.0,0.0,1143.1389120000003,-76.76000900000008,1066.3789030000003,5,35.08875109698189,-2.3561553383663414,32.73259575861554,4400.98901,4324.229001
685,2022-09-21,3871.399902,3907.070068,3789.48999,3789.929932,1,Holding,0.0,0.0,1143.1389120000003,-142.76000900000008,1000.3789030000003,6,35.08875109698189,-4.382031238565602,30.70671985841628,4400.98901,4258.229001
686,2022-09-22,3782.360107,3790.899902,3749.449951,3757.98999,1,Holding,0.0,0.0,1143.1389120000003,-174.69995100000006,968.4389610000003,7,35.08875109698189,-5.362430613589271,29.726320483392616,4400.98901,4226.289059000001
687,2022-09-23,3727.139893,3727.139893,3647.469971,3693.22998,0,Holding,0.0,0.0,1143.1389120000003,-239.45996100000002,903.6789510000003,8,35.08875109698189,-7.350244909887197,27.738506187094686,4400.98901,4161.529049000001
688,2022-09-26,3682.719971,3715.669922,3644.76001,3655.040039,1,Holding,0.0,0.0,1143.1389120000003,-277.6499020000001,865.4890100000002,9,35.08875109698189,-8.52248856294677,26.56626253403511,4400.98901,4123.339108
689,2022-09-27,3686.439941,3717.530029,3623.290039,3647.290039,1,Holding,0.0,0.0,1143.1389120000003,-285.3999020000001,857.7390100000002,10,35.08875109698189,-8.760375505773197,26.328375591208687,4400.98901,4115.589108
690,2022-09-28,3651.939941,3736.73999,3640.610107,3719.040039,1,Holding,0.0,0.0,1143.1389120000003,-213.6499020000001,929.4890100000002,11,35.08875109698189,-6.558002841541426,28.530748255440457,4400.98901,4187.339108
691,2022-09-29,3687.01001,3687.01001,3610.399902,3640.469971,1,Holding,0.0,0.0,1143.1389120000003,-292.2199700000001,850.9189420000002,12,35.08875109698189,-8.969718102726533,26.11903299425535,4400.98901,4108.76904
692,2022-09-30,3633.47998,3671.439941,3584.129883,3585.620117,1,Holding,0.0,0.0,1143.1389120000003,-347.06982400000015,796.0690880000002,13,35.08875109698189,-10.653339274666656,24.435411822315228,4400.98901,4053.919186
693,2022-10-03,3609.780029,3698.350098,3604.929932,3678.429932,1,Holding,0.0,0.0,1143.1389120000003,-254.26000900000008,888.8789030000003,14,35.08875109698189,-7.804533706326475,27.284217390655407,4400.98901,4146.729001
694,2022-10-04,3726.459961,3791.919922,3726.459961,3790.929932,1,Holding,0.0,0.0,1143.1389120000003,-141.76000900000008,1001.3789030000003,15,35.08875109698189,-4.3513361491686435,30.737414947813242,4400.98901,4259.229001
695,2022-10-05,3753.25,3806.909912,3722.659912,3783.280029,1,Holding,0.0,0.0,1143.1389120000003,-149.40991200000008,993.7290000000003,16,35.08875109698189,-4.586150605631705,30.50260049135018,4400.98901,4251.579098
696,2022-10-06,3771.969971,3797.929932,3739.219971,3744.52002,1,Holding,0.0,0.0,1143.1389120000003,-188.16992100000016,954.9689910000002,17,35.08875109698189,-5.7758925469136235,29.31285855006826,4400.98901,4212.8190890000005
697,2022-10-07,3706.73999,3706.73999,3620.72998,3639.659912,1,Holding,0.0,0.0,1143.1389120000003,-293.030029,850.1088830000003,18,35.08875109698189,-8.994582936148342,26.09416816083354,4400.98901,4107.958981
698,2022-10-10,3647.51001,3652.169922,3588.100098,3612.389893,1,Holding,0.0,0.0,1143.1389120000003,-320.30004800000006,822.8388640000003,19,35.08875109698189,-9.831638607210099,25.25711248977178,4400.98901,4080.688962
699,2022-10-11,3595.860107,3640.659912,3568.449951,3588.840088,0,Holding,0.0,0.0,1143.1389120000003,-343.84985300000017,799.2890590000002,20,35.08875109698189,-10.554501976966044,24.53424912001584,4400.98901,4057.139157
700,2022-10-12,3590.830078,3608.340088,3573.860107,3577.030029,1,Holding,0.0,0.0,1143.1389120000003,-355.6599120000001,787.4790000000003,21,35.08875109698189,-10.917012793754395,24.17173830322749,4400.98901,4045.329098
701,2022-10-13,3520.370117,3685.409912,3491.580078,3669.909912,1,Holding,0.0,0.0,1143.1389120000003,-262.780029,880.3588830000003,22,35.08875109698189,-8.066056481890348,27.022694615091535,4400.98901,4138.208981
702,2022-10-14,3690.409912,3712.0,3579.679932,3583.070068,1,Holding,0.0,0.0,1143.1389120000003,-349.6198730000001,793.5190390000002,23,35.08875109698189,-10.73161325668828,24.357137840293603,4400.98901,4051.369137
703,2022-10-17,3638.649902,3689.72998,3638.649902,3677.949951,0,Holding,0.0,0.0,1143.1389120000003,-254.73999000000003,888.3989220000003,24,35.08875109698189,-7.8192667660303155,27.26948433095157,4400.98901,4146.24902
704,2022-10-18,3746.26001,3762.790039,3686.530029,3719.97998,1,Holding,0.0,0.0,1143.1389120000003,-212.70996100000002,930.4289510000003,25,35.08875109698189,-6.5291512685185555,28.559599828463327,4400.98901,4188.279049000001
705,2022-10-19,3703.110107,3728.580078,3666.51001,3695.159912,1,Holding,0.0,0.0,1143.1389120000003,-237.530029,905.6088830000003,26,35.08875109698189,-7.291005474617145,27.79774562236474,4400.98901,4163.458981
706,2022-10-20,3689.050049,3736.0,3656.439941,3665.780029,1,Holding,0.0,0.0,1143.1389120000003,-266.9099120000001,876.2290000000003,27,35.08875109698189,-8.19282360977433,26.895927487207555,4400.98901,4134.079098
707,2022-10-21,3657.100098,3757.889893,3647.419922,3752.75,1,Holding,0.0,0.0,1143.1389120000003,-179.9399410000001,963.1989710000003,28,35.08875109698189,-5.52327257507844,29.565478521903444,4400.98901,4221.049069000001
708,2022-10-24,3762.01001,3810.73999,3741.649902,3797.340088,1,Holding,0.0,0.0,1143.1389120000003,-135.34985300000017,1007.7890590000002,29,35.08875109698189,-4.154575837700197,30.934175259281687,4400.98901,4265.639157
709,2022-10-25,3799.439941,3862.850098,3799.439941,3859.110107,1,Holding,0.0,0.0,1143.1389120000003,-73.57983400000012,1069.5590780000002,30,35.08875109698189,-2.25853958244337,32.83021151453852,4400.98901,4327.409176
710,2022-10-26,3825.969971,3886.149902,3824.070068,3830.600098,1,Holding,0.0,0.0,1143.1389120000003,-102.0898430000002,1041.0490690000001,31,35.08875109698189,-3.133656857406464,31.95509423957542,4400.98901,4298.899167
711,2022-10-27,3834.689941,3859.949951,3803.790039,3807.300049,1,Holding,0.0,0.0,1143.1389120000003,-125.38989200000015,1017.7490200000002,32,35.08875109698189,-3.848853944414975,31.239897152566908,4400.98901,4275.599118
712,2022-10-28,3808.26001,3905.419922,3808.26001,3901.060059,0,Holding,0.0,0.0,1143.1389120000003,-31.62988200000018,1111.5090300000002,33,35.08875109698189,-0.9708820556052539,34.11786904137663,4400.98901,4369.359128
713,2022-10-31,3881.850098,3893.72998,3863.179932,3871.97998,1,Holding,0.0,0.0,1143.1389120000003,-60.70996100000002,1082.4289510000003,34,35.08875109698189,-1.8634976801808645,33.22525341680102,4400.98901,4340.279049000001
714,2022-11-01,3901.790039,3911.790039,3843.800049,3856.100098,0,Holding,0.0,0.0,1143.1389120000003,-76.5898430000002,1066.5490690000001,35,35.08875109698189,-2.350932077784022,32.737819019197865,4400.98901,4324.399167
715,2022-11-02,3852.899902,3894.439941,3758.679932,3759.689941,1,Holding,0.0,0.0,1143.1389120000003,-173.0,970.1389120000003,36,35.08875109698189,-5.31025046567382,29.778500631308063,4400.98901,4227.98901
716,2022-11-03,3733.25,3750.590088,3698.149902,3719.889893,1,Holding,0.0,0.0,1143.1389120000003,-212.80004800000006,930.3388640000003,37,35.08875109698189,-6.531916497037062,28.556834599944825,4400.98901,4188.188962
717,2022-11-04,3766.97998,3796.340088,3708.840088,3770.550049,1,Holding,0.0,0.0,1143.1389120000003,-162.13989200000015,980.9990200000002,38,35.08875109698189,-4.9768984797532,30.111852617228685,4400.98901,4238.849118
718,2022-11-07,3780.709961,3813.949951,3764.699951,3806.800049,1,Holding,0.0,0.0,1143.1389120000003,-125.88989200000015,1017.2490200000002,39,35.08875109698189,-3.864201489113455,31.22454960786843,4400.98901,4275.099118
719,2022-11-08,3817.02002,3859.399902,3786.280029,3828.110107,1,Holding,0.0,0.0,1143.1389120000003,-104.57983400000012,1038.5590780000002,40,35.08875109698189,-3.210087353749083,31.8786637432328,4400.98901,4296.409176
720,2022-11-09,3810.939941,3818.199951,3744.219971,3748.570068,1,Holding,0.0,0.0,1143.1389120000003,-184.1198730000001,959.0190390000002,41,35.08875109698189,-5.651575961491648,29.437175135490236,4400.98901,4216.869137
721,2022-11-10,3859.889893,3958.330078,3859.889893,3956.370117,1,Holding,0.0,0.0,1143.1389120000003,23.680175999999847,1166.8190880000002,42,35.08875109698189,0.7268651192557064,35.815616216237586,4400.98901,4424.669186
722,2022-11-11,3963.719971,4001.47998,3944.820068,3992.929932,1,Holding,0.0,0.0,1143.1389120000003,60.23999099999992,1203.3789030000003,43,35.08875109698189,1.849071909016973,36.93782300599885,4400.98901,4461.229001
723,2022-11-14,3977.969971,4008.969971,3956.399902,3957.25,1,Holding,0.0,0.0,1143.1389120000003,24.56005899999991,1167.6989710000003,44,35.08875109698189,0.7538732065995724,35.84262430358145,4400.98901,4425.549069000001
724,2022-11-15,4006.409912,4028.840088,3953.169922,3991.72998,1,Holding,0.0,0.0,1143.1389120000003,59.04003899999998,1202.1789510000003,45,35.08875109698189,1.8122392751049154,36.9009903720868,4400.98901,4460.029049000001
725,2022-11-16,3976.820068,3983.090088,3954.340088,3958.790039,1,Holding,0.0,0.0,1143.1389120000003,26.10009799999989,1169.2390100000002,46,35.08875109698189,0.8011448413793744,35.88989593836126,4400.98901,4427.089108
726,2022-11-17,3919.26001,3954.330078,3906.540039,3946.560059,1,Holding,0.0,0.0,1143.1389120000003,13.87011799999982,1157.0090300000002,47,35.08875109698189,0.4257445119563577,35.51449560893824,4400.98901,4414.859128
727,2022-11-18,3966.389893,3979.889893,3935.97998,3965.340088,0,Holding,0.0,0.0,1143.1389120000003,32.65014699999983,1175.7890590000002,48,35.08875109698189,1.002199180988831,36.09095027797071,4400.98901,4433.639157
728,2022-11-21,3956.22998,3962.0,3933.340088,3949.939941,1,Holding,0.0,0.0,1143.1389120000003,17.25,1160.3889120000003,49,35.08875109698189,0.5294902920975341,35.61824138907942,4400.98901,4418.23901
729,2022-11-22,3965.51001,4005.879883,3956.879883,4003.580078,1,Holding,0.0,0.0,1143.1389120000003,70.89013699999987,1214.0290490000002,50,35.08875109698189,2.1759790925776312,37.264730189559515,4400.98901,4471.879147
730,2022-11-23,4000.300049,4033.780029,3998.659912,4027.26001,1,Holding,0.0,0.0,1143.1389120000003,94.57006899999988,1237.7089810000002,51,35.08875109698189,2.90283672223153,37.991587819213414,4400.98901,4495.559079000001
731,2022-11-25,4023.340088,4034.02002,4020.76001,4026.120117,1,Holding,0.0,0.0,1143.1389120000003,93.43017599999985,1236.5690880000002,52,35.08875109698189,2.8678476046935617,37.956598701675446,4400.98901,4494.419186
732,2022-11-28,4005.360107,4012.27002,3955.77002,3963.939941,1,Holding,0.0,0.0,1143.1389120000003,31.25,1174.3889120000003,53,35.08875109698189,0.959221543654953,36.047972640636836,4400.98901,4432.23901
733,2022-11-29,3964.189941,3976.77002,3937.649902,3957.629883,1,Holding,0.0,0.0,1143.1389120000003,24.939941999999974,1168.0788540000003,54,35.08875109698189,0.7655337492449591,35.85428484622684,4400.98901,4425.928952
734,2022-11-30,3957.179932,4080.110107,3938.580078,4080.110107,0,Holding,0.0,0.0,1143.1389120000003,147.42016599999988,1290.5590780000002,55,35.08875109698189,4.525075174284458,39.61382627126635,4400.98901,4548.409176
735,2022-12-01,4087.139893,4100.509766,4050.870117,4076.570068,1,Holding,0.0,0.0,1143.1389120000003,143.8801269999999,1287.0190390000002,56,35.08875109698189,4.416413360710739,39.50516445769262,4400.98901,4544.869137
736,2022-12-02,4040.169922,4080.47998,4026.629883,4071.699951,1,Holding,0.0,0.0,1143.1389120000003,139.01000999999997,1282.1489220000003,57,35.08875109698189,4.266924684022094,39.35567578100398,4400.98901,4539.99902
737,2022-12-05,4052.02002,4052.449951,3984.48999,3998.840088,1,Holding,0.0,0.0,1143.1389120000003,66.15014699999983,1209.2890590000002,58,35.08875109698189,2.0304846757869406,37.119235772768825,4400.98901,4467.139157
738,2022-12-06,3996.629883,4001.51001,3918.389893,3941.26001,0,Holding,0.0,0.0,1143.1389120000003,8.570068999999876,1151.7089810000002,59,35.08875109698189,0.2630590340930989,35.351810131074984,4400.98901,4409.559079000001
739,2022-12-07,3933.280029,3957.570068,3922.679932,3933.919922,1,Holding,0.0,0.0,1143.1389120000003,1.2299809999999525,1144.3688930000003,60,35.08875109698189,0.03775437675155895,35.126505473733445,4400.98901,4402.218991
740,2022-12-08,3947.790039,3974.189941,3935.830078,3963.51001,1,Holding,0.0,0.0,1143.1389120000003,30.820068999999876,1173.9589810000002,61,35.08875109698189,0.9460247731754254,36.03477587015731,4400.98901,4431.809079000001
741,2022-12-09,3954.169922,3977.02002,3933.040039,3934.379883,1,Holding,0.0,0.0,1143.1389120000003,1.6899419999999736,1144.8288540000003,62,35.08875109698189,0.051872920765674034,35.140624017747555,4400.98901,4402.678952
742,2022-12-12,3939.290039,3990.709961,3935.300049,3990.560059,1,Holding,0.0,0.0,1143.1389120000003,57.87011799999982,1201.0090300000002,63,35.08875109698189,1.7763284454225314,36.865079542404416,4400.98901,4458.859128
743,2022-12-13,4069.379883,4100.959961,3993.030029,4019.649902,1,Holding,0.0,0.0,1143.1389120000003,86.95996100000002,1230.0988730000004,64,35.08875109698189,2.669243776851025,37.757994873832914,4400.98901,4487.948971
744,2022-12-14,4015.540039,4053.76001,3965.649902,3995.320068,1,Holding,0.0,0.0,1143.1389120000003,62.6301269999999,1205.7690390000002,65,35.08875109698189,1.922437347207861,37.01118844418975,4400.98901,4463.619137
745,2022-12-15,3958.370117,3958.370117,3879.449951,3895.75,0,Holding,0.0,0.0,1143.1389120000003,-36.93994100000009,1106.1989710000003,66,35.08875109698189,-1.1338747913133753,33.954876305668506,4400.98901,4364.049069000001
746,2022-12-16,3890.909912,3890.909912,3827.909912,3852.360107,1,Holding,0.0,0.0,1143.1389120000003,-80.32983400000012,1062.8090780000002,67,35.08875109698189,-2.46573143587284,32.62301966110904,4400.98901,4320.659176
747,2022-12-19,3853.790039,3854.860107,3800.040039,3817.659912,0,Holding,0.0,0.0,1143.1389120000003,-115.03002900000001,1028.1088830000003,68,35.08875109698189,-3.5308570234897285,31.557894073492154,4400.98901,4285.958981
748,2022-12-20,3810.469971,3838.23999,3795.620117,3821.620117,1,Holding,0.0,0.0,1143.1389120000003,-111.06982400000015,1032.0690880000002,69,35.08875109698189,-3.409298176984451,31.67945291999743,4400.98901,4289.919186
749,2022-12-21,3839.48999,3889.820068,3839.48999,3878.439941,1,Holding,0.0,0.0,1143.1389120000003,-54.25,1088.8889120000003,70,35.08875109698189,-1.6652085997849984,33.423542497196884,4400.98901,4346.73901
750,2022-12-22,3853.26001,3853.26001,3764.48999,3822.389893,1,Holding,0.0,0.0,1143.1389120000003,-110.30004800000006,1032.8388640000003,71,35.08875109698189,-3.3856698338488154,31.703081263133072,4400.98901,4290.688962
751,2022-12-23,3815.110107,3845.800049,3797.01001,3844.820068,0,Holding,0.0,0.0,1143.1389120000003,-87.8698730000001,1055.2690390000002,72,35.08875109698189,-2.697173607034393,32.391577489947494,4400.98901,4313.119137
752,2022-12-27,3843.340088,3846.649902,3813.219971,3829.25,0,sell,-103.12988200000018,-2.6223751057724227,1143.1389120000003,-103.43994100000009,1039.6989710000003,0,35.08875109698189,-3.175098236211115,31.913652860770767,4400.98901,4297.549069000001
753,2022-12-28,3829.560059,3848.320068,3780.780029,3783.219971,1,Buy,0.0,0.0,1040.0090300000002,0.0,1040.0090300000002,0,31.923170149494094,0.0,31.923170149494094,4297.859128,4297.859128
754,2022-12-29,3805.449951,3858.189941,3805.449951,3849.280029,1,Holding,0.0,0.0,1040.0090300000002,66.06005800000003,1106.0690880000002,1,31.923170149494094,2.0277193858782643,33.95088953537236,4297.859128,4363.919186
755,2022-12-30,3829.060059,3839.850098,3800.340088,3839.5,1,sell,56.28002900000001,1.4876224335727375,1040.0090300000002,56.28002900000001,1096.2890590000002,0,31.923170149494094,1.7275205214184173,33.65069067091252,4297.859128,4354.139157
